month,town,flat_type,block,street_name,storey_range,flat_model,lease_commence_date,remaining_lease,resale_price,,,,,,,,
2018-09,BISHAN,3 ROOM,189,BISHAN ST 13,01 TO 03,Simplified,1988,68 years 09 months,340000,,,,,,,,
2018-09,BISHAN,3 ROOM,304,SHUNFU RD,04 TO 06,New Generation,1985,65 years 06 months,410000,,,,,,,,
2018-09,BISHAN,3 ROOM,308,SHUNFU RD,04 TO 06,New Generation,1984,65 years 03 months,355000,,,,,,,,
2018-09,BISHAN,3 ROOM,22,SIN MING RD,07 TO 09,Improved,1973,54 years 02 months,239000,,,,,,,,
2018-09,BISHAN,4 ROOM,149,BISHAN ST 11,07 TO 09,Simplified,1987,67 years 04 months,455000,,,,,,,,
2018-09,BISHAN,4 ROOM,144,BISHAN ST 12,04 TO 06,Model A,1988,68 years 11 months,530888,,,,,,,,
2018-09,BISHAN,4 ROOM,115,BISHAN ST 12,01 TO 03,Simplified,1986,66 years 05 months,480000,,,,,,,,
2018-09,BISHAN,4 ROOM,106,BISHAN ST 12,10 TO 12,Simplified,1985,66 years 02 months,550000,,,,,,,,
2018-09,BISHAN,4 ROOM,112,BISHAN ST 12,01 TO 03,Simplified,1985,65 years 09 months,470000,,,,,,,,
2018-09,BISHAN,4 ROOM,116,BISHAN ST 12,04 TO 06,Simplified,1985,66 years 02 months,548000,,,,,,,,
2018-09,BISHAN,4 ROOM,106,BISHAN ST 12,07 TO 09,Model A,1985,66 years 02 months,668000,,,,,,,,
2018-09,BISHAN,4 ROOM,180,BISHAN ST 13,04 TO 06,Simplified,1988,68 years 07 months,520000,,,,,,,,
2018-09,BISHAN,4 ROOM,254,BISHAN ST 22,19 TO 21,Model A,1992,72 years 11 months,655000,,,,,,,,
2018-09,BISHAN,4 ROOM,248,BISHAN ST 22,25 TO 27,Model A,1992,72 years 11 months,738000,,,,,,,,
2018-09,BISHAN,4 ROOM,204,BISHAN ST 23,01 TO 03,Model A,1992,72 years 08 months,575000,,,,,,,,
2018-09,BISHAN,4 ROOM,228,BISHAN ST 23,04 TO 06,Model A,1992,72 years 07 months,558000,,,,,,,,
2018-09,BISHAN,4 ROOM,273A,BISHAN ST 24,04 TO 06,DBSS,2011,92 years,735000,,,,,,,,
2018-09,BISHAN,4 ROOM,273A,BISHAN ST 24,31 TO 33,DBSS,2011,92 years,830000,,,,,,,,
2018-09,BISHAN,4 ROOM,267,BISHAN ST 24,04 TO 06,Model A,1992,72 years 11 months,570000,,,,,,,,
2018-09,BISHAN,4 ROOM,273A,BISHAN ST 24,19 TO 21,DBSS,2011,91 years 11 months,810000,,,,,,,,
2018-09,BISHAN,4 ROOM,271,BISHAN ST 24,01 TO 03,Model A,1992,72 years 11 months,580000,,,,,,,,
2018-09,BISHAN,4 ROOM,445,SIN MING AVE,07 TO 09,Model A,1990,70 years 05 months,575000,,,,,,,,
2018-09,BISHAN,4 ROOM,406,SIN MING AVE,07 TO 09,Simplified,1987,67 years 07 months,483000,,,,,,,,
2018-09,BISHAN,5 ROOM,127,BISHAN ST 12,04 TO 06,Improved,1986,67 years 03 months,735000,,,,,,,,
2018-09,BISHAN,5 ROOM,103,BISHAN ST 12,07 TO 09,Improved,1986,67 years 02 months,730000,,,,,,,,
2018-09,BISHAN,5 ROOM,166,BISHAN ST 13,07 TO 09,Improved,1987,68 years 04 months,725000,,,,,,,,
2018-09,BISHAN,5 ROOM,158,BISHAN ST 13,19 TO 21,Improved,1988,68 years 06 months,728000,,,,,,,,
2018-09,BISHAN,5 ROOM,167,BISHAN ST 13,01 TO 03,Improved,1988,69 years,630000,,,,,,,,
2018-09,BISHAN,5 ROOM,179,BISHAN ST 13,07 TO 09,Improved,1987,67 years 11 months,760000,,,,,,,,
2018-09,BISHAN,5 ROOM,165,BISHAN ST 13,13 TO 15,Improved,1988,69 years,778000,,,,,,,,
2018-09,BISHAN,5 ROOM,203,BISHAN ST 23,10 TO 12,Model A,1992,72 years 08 months,850000,,,,,,,,
2018-09,BISHAN,5 ROOM,223,BISHAN ST 23,01 TO 03,Improved,1992,72 years 11 months,818000,,,,,,,,
2018-09,BISHAN,5 ROOM,273B,BISHAN ST 24,28 TO 30,DBSS,2011,92 years,1080000,,,,,,,,
2018-09,BISHAN,5 ROOM,273B,BISHAN ST 24,16 TO 18,DBSS,2011,91 years 11 months,990000,,,,,,,,
2018-09,BISHAN,5 ROOM,275A,BISHAN ST 24,22 TO 24,DBSS,2011,91 years 11 months,1000000,,,,,,,,
2018-09,BISHAN,5 ROOM,312,SHUNFU RD,04 TO 06,Improved,1985,65 years 10 months,750000,,,,,,,,
2018-09,BISHAN,5 ROOM,310,SHUNFU RD,10 TO 12,Improved,1984,65 years 03 months,711000,,,,,,,,
2018-09,BISHAN,5 ROOM,310,SHUNFU RD,01 TO 03,Improved,1984,65 years 03 months,708000,,,,,,,,
2018-09,BISHAN,5 ROOM,442,SIN MING AVE,16 TO 18,Improved,1990,70 years 06 months,730000,,,,,,,,
2018-09,BISHAN,5 ROOM,408,SIN MING AVE,22 TO 24,Improved,1986,66 years 09 months,718000,,,,,,,,
2018-09,BISHAN,5 ROOM,405,SIN MING AVE,19 TO 21,Improved,1986,66 years 09 months,750000,,,,,,,,
2018-09,BISHAN,5 ROOM,453,SIN MING AVE,04 TO 06,Improved,1990,70 years 05 months,720000,,,,,,,,
2018-09,BISHAN,5 ROOM,22,SIN MING RD,04 TO 06,Adjoined flat,1973,54 years 01 month,515000,,,,,,,,
2018-09,BISHAN,EXECUTIVE,187,BISHAN ST 13,07 TO 09,Apartment,1987,67 years 06 months,900000,,,,,,,,
2018-09,BISHAN,EXECUTIVE,231,BISHAN ST 23,01 TO 03,Maisonette,1992,72 years 08 months,875000,,,,,,,,
2018-09,BISHAN,EXECUTIVE,231,BISHAN ST 23,04 TO 06,Maisonette,1992,72 years 07 months,890000,,,,,,,,
2018-10,BISHAN,3 ROOM,105,BISHAN ST 12,07 TO 09,Simplified,1985,66 years 03 months,417000,,,,,,,,
2018-10,BISHAN,3 ROOM,24,SIN MING RD,01 TO 03,Improved,1973,54 years 01 month,260000,,,,,,,,
2018-10,BISHAN,4 ROOM,148,BISHAN ST 11,07 TO 09,Simplified,1987,67 years 09 months,465000,,,,,,,,
2018-10,BISHAN,4 ROOM,151,BISHAN ST 11,04 TO 06,Simplified,1989,69 years 05 months,395000,,,,,,,,
2018-10,BISHAN,4 ROOM,127,BISHAN ST 12,10 TO 12,Simplified,1986,67 years 02 months,465000,,,,,,,,
2018-10,BISHAN,4 ROOM,107,BISHAN ST 12,10 TO 12,Model A,1985,66 years 01 month,673000,,,,,,,,
2018-10,BISHAN,4 ROOM,113,BISHAN ST 12,10 TO 12,Simplified,1986,66 years 03 months,548000,,,,,,,,
2018-10,BISHAN,4 ROOM,259,BISHAN ST 22,07 TO 09,Model A,1992,72 years 10 months,585000,,,,,,,,
2018-10,BISHAN,4 ROOM,236,BISHAN ST 22,07 TO 09,Model A,1992,72 years 07 months,605000,,,,,,,,
2018-10,BISHAN,4 ROOM,235,BISHAN ST 22,10 TO 12,Model A,1992,72 years 06 months,613000,,,,,,,,
2018-10,BISHAN,4 ROOM,293,BISHAN ST 22,22 TO 24,Premium Apartment,1998,78 years 08 months,755000,,,,,,,,
2018-10,BISHAN,4 ROOM,206,BISHAN ST 23,01 TO 03,Model A,1992,72 years 07 months,581888,,,,,,,,
2018-10,BISHAN,4 ROOM,272,BISHAN ST 24,10 TO 12,Model A,1992,72 years 10 months,609000,,,,,,,,
2018-10,BISHAN,4 ROOM,272,BISHAN ST 24,04 TO 06,Model A,1992,72 years 10 months,572000,,,,,,,,
2018-10,BISHAN,4 ROOM,268,BISHAN ST 24,01 TO 03,Model A,1992,72 years 09 months,518000,,,,,,,,
2018-10,BISHAN,4 ROOM,312,SHUNFU RD,07 TO 09,New Generation,1985,65 years 08 months,573000,,,,,,,,
2018-10,BISHAN,4 ROOM,403,SIN MING AVE,07 TO 09,Simplified,1986,66 years 10 months,522000,,,,,,,,
2018-10,BISHAN,4 ROOM,449,SIN MING AVE,04 TO 06,Model A,1990,70 years 05 months,548000,,,,,,,,
2018-10,BISHAN,5 ROOM,136,BISHAN ST 12,04 TO 06,Improved,1987,68 years 01 month,610000,,,,,,,,
2018-10,BISHAN,5 ROOM,168,BISHAN ST 13,01 TO 03,Improved,1986,67 years 01 month,665000,,,,,,,,
2018-10,BISHAN,5 ROOM,156,BISHAN ST 13,04 TO 06,Improved,1988,69 years,710000,,,,,,,,
2018-10,BISHAN,5 ROOM,158,BISHAN ST 13,07 TO 09,Improved,1988,68 years 04 months,760000,,,,,,,,
2018-10,BISHAN,5 ROOM,190,BISHAN ST 13,01 TO 03,Improved,1987,67 years 03 months,680000,,,,,,,,
2018-10,BISHAN,5 ROOM,190,BISHAN ST 13,01 TO 03,Improved,1987,67 years 03 months,695000,,,,,,,,
2018-10,BISHAN,5 ROOM,156,BISHAN ST 13,01 TO 03,Improved,1988,68 years 11 months,590000,,,,,,,,
2018-10,BISHAN,5 ROOM,196,BISHAN ST 13,01 TO 03,Improved,1987,67 years 03 months,748000,,,,,,,,
2018-10,BISHAN,5 ROOM,250,BISHAN ST 22,04 TO 06,Model A,1992,72 years 10 months,745000,,,,,,,,
2018-10,BISHAN,5 ROOM,255,BISHAN ST 22,10 TO 12,Model A,1992,72 years 10 months,780000,,,,,,,,
2018-10,BISHAN,5 ROOM,275A,BISHAN ST 24,34 TO 36,DBSS,2011,91 years 11 months,1076000,,,,,,,,
2018-10,BISHAN,5 ROOM,273B,BISHAN ST 24,01 TO 03,DBSS,2011,91 years 10 months,857500,,,,,,,,
2018-10,BISHAN,5 ROOM,303,SHUNFU RD,10 TO 12,Improved,1985,65 years 05 months,720000,,,,,,,,
2018-10,BISHAN,EXECUTIVE,101,BISHAN ST 12,22 TO 24,Maisonette,1987,67 years 03 months,996000,,,,,,,,
2018-10,BISHAN,EXECUTIVE,179,BISHAN ST 13,22 TO 24,Maisonette,1987,67 years 10 months,1138000,,,,,,,,
2018-10,BISHAN,EXECUTIVE,179,BISHAN ST 13,22 TO 24,Maisonette,1987,67 years 10 months,1098888,,,,,,,,
2018-10,BISHAN,EXECUTIVE,219,BISHAN ST 23,01 TO 03,Maisonette,1992,72 years 07 months,850000,,,,,,,,
2018-10,BISHAN,EXECUTIVE,452,SIN MING AVE,01 TO 03,Maisonette,1989,69 years 10 months,830000,,,,,,,,
2018-11,BISHAN,3 ROOM,176,BISHAN ST 13,07 TO 09,Simplified,1988,68 years 05 months,375000,,,,,,,,
2018-11,BISHAN,3 ROOM,309,SHUNFU RD,01 TO 03,New Generation,1984,65 years,367000,,,,,,,,
2018-11,BISHAN,3 ROOM,304,SHUNFU RD,04 TO 06,New Generation,1985,65 years 04 months,420000,,,,,,,,
2018-11,BISHAN,4 ROOM,147,BISHAN ST 11,04 TO 06,Simplified,1987,67 years 04 months,420000,,,,,,,,
2018-11,BISHAN,4 ROOM,501,BISHAN ST 11,07 TO 09,Model A,1989,69 years 10 months,703000,,,,,,,,
2018-11,BISHAN,4 ROOM,145,BISHAN ST 11,07 TO 09,Simplified,1987,67 years 11 months,458000,,,,,,,,
2018-11,BISHAN,4 ROOM,125,BISHAN ST 12,07 TO 09,Simplified,1987,67 years 07 months,530000,,,,,,,,
2018-11,BISHAN,4 ROOM,131,BISHAN ST 12,13 TO 15,Model A,1986,66 years 02 months,650000,,,,,,,,
2018-11,BISHAN,4 ROOM,106,BISHAN ST 12,04 TO 06,Simplified,1985,66 years,480000,,,,,,,,
2018-11,BISHAN,4 ROOM,113,BISHAN ST 12,07 TO 09,Simplified,1986,66 years 02 months,495000,,,,,,,,
2018-11,BISHAN,4 ROOM,123,BISHAN ST 12,10 TO 12,Simplified,1986,66 years 03 months,448000,,,,,,,,
2018-11,BISHAN,4 ROOM,140,BISHAN ST 12,01 TO 03,Model A,1988,68 years 09 months,515000,,,,,,,,
2018-11,BISHAN,4 ROOM,157,BISHAN ST 13,04 TO 06,Model A,1988,68 years 03 months,492000,,,,,,,,
2018-11,BISHAN,4 ROOM,167,BISHAN ST 13,07 TO 09,Model A,1988,68 years 10 months,548000,,,,,,,,
2018-11,BISHAN,4 ROOM,260,BISHAN ST 22,04 TO 06,Model A,1992,72 years 09 months,541000,,,,,,,,
2018-11,BISHAN,4 ROOM,275A,BISHAN ST 24,25 TO 27,DBSS,2011,91 years 10 months,820000,,,,,,,,
2018-11,BISHAN,4 ROOM,290,BISHAN ST 24,04 TO 06,Premium Apartment,1998,78 years 07 months,618000,,,,,,,,
2018-11,BISHAN,4 ROOM,275A,BISHAN ST 24,19 TO 21,DBSS,2011,91 years 10 months,795000,,,,,,,,
2018-11,BISHAN,4 ROOM,264,BISHAN ST 24,04 TO 06,Model A,1992,72 years 09 months,538000,,,,,,,,
2018-11,BISHAN,4 ROOM,304,SHUNFU RD,10 TO 12,New Generation,1985,65 years 04 months,523000,,,,,,,,
2018-11,BISHAN,4 ROOM,445,SIN MING AVE,10 TO 12,Model A,1990,70 years 02 months,562000,,,,,,,,
2018-11,BISHAN,5 ROOM,145,BISHAN ST 11,04 TO 06,Improved,1987,68 years,632000,,,,,,,,
2018-11,BISHAN,5 ROOM,101,BISHAN ST 12,16 TO 18,Improved,1987,67 years 02 months,815000,,,,,,,,
2018-11,BISHAN,5 ROOM,144,BISHAN ST 12,04 TO 06,Improved,1988,68 years 09 months,675000,,,,,,,,
2018-11,BISHAN,5 ROOM,135,BISHAN ST 12,16 TO 18,Improved,1987,67 years 07 months,785000,,,,,,,,
2018-11,BISHAN,5 ROOM,235,BISHAN ST 22,04 TO 06,Model A,1992,72 years 05 months,850000,,,,,,,,
2018-11,BISHAN,5 ROOM,214,BISHAN ST 23,04 TO 06,Model A,1992,72 years 05 months,758000,,,,,,,,
2018-11,BISHAN,5 ROOM,290,BISHAN ST 24,16 TO 18,Premium Apartment,1998,78 years 08 months,813888,,,,,,,,
2018-11,BISHAN,5 ROOM,266,BISHAN ST 24,10 TO 12,Model A,1992,72 years 09 months,650000,,,,,,,,
2018-11,BISHAN,5 ROOM,446,BRIGHT HILL DR,04 TO 06,Improved,1990,70 years 05 months,675000,,,,,,,,
2018-11,BISHAN,EXECUTIVE,135,BISHAN ST 12,22 TO 24,Maisonette,1987,67 years 07 months,1010000,,,,,,,,
2018-11,BISHAN,EXECUTIVE,301,SHUNFU RD,01 TO 03,Maisonette,1985,65 years 08 months,948000,,,,,,,,
2018-11,BISHAN,EXECUTIVE,301,SHUNFU RD,07 TO 09,Maisonette,1985,65 years 08 months,1050000,,,,,,,,
2018-12,BISHAN,3 ROOM,406,SIN MING AVE,10 TO 12,Simplified,1987,67 years 04 months,363000,,,,,,,,
2018-12,BISHAN,4 ROOM,142,BISHAN ST 12,10 TO 12,Simplified,1988,68 years 09 months,450000,,,,,,,,
2018-12,BISHAN,4 ROOM,140,BISHAN ST 12,07 TO 09,Model A,1988,68 years 08 months,525000,,,,,,,,
2018-12,BISHAN,4 ROOM,138,BISHAN ST 12,01 TO 03,Simplified,1987,67 years 07 months,410000,,,,,,,,
2018-12,BISHAN,4 ROOM,126,BISHAN ST 12,10 TO 12,Simplified,1987,67 years 07 months,440000,,,,,,,,
2018-12,BISHAN,4 ROOM,133,BISHAN ST 12,04 TO 06,Simplified,1987,67 years 02 months,470000,,,,,,,,
2018-12,BISHAN,4 ROOM,177,BISHAN ST 13,07 TO 09,Simplified,1987,67 years 09 months,510000,,,,,,,,
2018-12,BISHAN,4 ROOM,181,BISHAN ST 13,10 TO 12,Simplified,1987,67 years 02 months,555000,,,,,,,,
2018-12,BISHAN,4 ROOM,178,BISHAN ST 13,01 TO 03,Simplified,1987,67 years 10 months,515000,,,,,,,,
2018-12,BISHAN,4 ROOM,243,BISHAN ST 22,10 TO 12,Model A,1992,72 years 08 months,650000,,,,,,,,
2018-12,BISHAN,4 ROOM,215,BISHAN ST 23,07 TO 09,Model A,1992,72 years 05 months,590000,,,,,,,,
2018-12,BISHAN,4 ROOM,230,BISHAN ST 23,01 TO 03,Model A,1992,72 years 05 months,535000,,,,,,,,
2018-12,BISHAN,4 ROOM,265,BISHAN ST 24,04 TO 06,Model A,1992,72 years 08 months,518888,,,,,,,,
2018-12,BISHAN,4 ROOM,291,BISHAN ST 24,19 TO 21,Premium Apartment,1998,78 years 06 months,738888,,,,,,,,
2018-12,BISHAN,4 ROOM,272,BISHAN ST 24,01 TO 03,Model A,1992,72 years 08 months,430000,,,,,,,,
2018-12,BISHAN,5 ROOM,136,BISHAN ST 12,01 TO 03,Improved,1987,67 years 11 months,500000,,,,,,,,
2018-12,BISHAN,5 ROOM,181,BISHAN ST 13,10 TO 12,Improved,1987,67 years 02 months,795000,,,,,,,,
2018-12,BISHAN,5 ROOM,273A,BISHAN ST 24,10 TO 12,DBSS,2011,91 years 09 months,980000,,,,,,,,
2018-12,BISHAN,EXECUTIVE,441,SIN MING AVE,10 TO 12,Maisonette,1990,70 years 02 months,990000,,,,,,,,
2019-01,BISHAN,3 ROOM,108,BISHAN ST 12,01 TO 03,Simplified,1985,65 years 09 months,370000,,,,,,,,
2019-01,BISHAN,3 ROOM,176,BISHAN ST 13,10 TO 12,Simplified,1988,68 years 03 months,360000,,,,,,,,
2019-01,BISHAN,3 ROOM,313,SHUNFU RD,07 TO 09,New Generation,1985,65 years 05 months,446000,,,,,,,,
2019-01,BISHAN,3 ROOM,407,SIN MING AVE,04 TO 06,Simplified,1986,66 years 07 months,340000,,,,,,,,
2019-01,BISHAN,4 ROOM,145,BISHAN ST 11,07 TO 09,Simplified,1987,67 years 09 months,470000,,,,,,,,
2019-01,BISHAN,4 ROOM,152,BISHAN ST 11,04 TO 06,Simplified,1988,68 years 11 months,468888,,,,,,,,
2019-01,BISHAN,4 ROOM,122,BISHAN ST 12,10 TO 12,Simplified,1986,66 years 01 month,505000,,,,,,,,
2019-01,BISHAN,4 ROOM,144,BISHAN ST 12,07 TO 09,Model A,1988,68 years 07 months,515000,,,,,,,,
2019-01,BISHAN,4 ROOM,109,BISHAN ST 12,07 TO 09,Simplified,1985,65 years 11 months,500000,,,,,,,,
2019-01,BISHAN,4 ROOM,107,BISHAN ST 12,07 TO 09,Simplified,1985,65 years 10 months,525000,,,,,,,,
2019-01,BISHAN,4 ROOM,126,BISHAN ST 12,07 TO 09,Simplified,1987,67 years 06 months,478000,,,,,,,,
2019-01,BISHAN,4 ROOM,193,BISHAN ST 13,10 TO 12,Simplified,1987,68 years,565000,,,,,,,,
2019-01,BISHAN,4 ROOM,184,BISHAN ST 13,10 TO 12,Simplified,1988,68 years 01 month,560000,,,,,,,,
2019-01,BISHAN,4 ROOM,251,BISHAN ST 22,04 TO 06,Model A,1992,72 years 07 months,618000,,,,,,,,
2019-01,BISHAN,4 ROOM,253,BISHAN ST 22,10 TO 12,Model A,1992,72 years 07 months,648000,,,,,,,,
2019-01,BISHAN,4 ROOM,260,BISHAN ST 22,07 TO 09,Model A,1992,72 years 07 months,568000,,,,,,,,
2019-01,BISHAN,4 ROOM,241,BISHAN ST 22,07 TO 09,Model A,1992,72 years 07 months,600000,,,,,,,,
2019-01,BISHAN,4 ROOM,250,BISHAN ST 22,04 TO 06,Model A,1992,72 years 07 months,550000,,,,,,,,
2019-01,BISHAN,4 ROOM,263,BISHAN ST 22,04 TO 06,Model A,1992,72 years 07 months,535000,,,,,,,,
2019-01,BISHAN,4 ROOM,232,BISHAN ST 22,04 TO 06,Model A,1992,72 years 04 months,550000,,,,,,,,
2019-01,BISHAN,4 ROOM,259,BISHAN ST 22,07 TO 09,Model A,1992,72 years 07 months,614000,,,,,,,,
2019-01,BISHAN,4 ROOM,255,BISHAN ST 22,01 TO 03,Model A,1992,72 years 06 months,568000,,,,,,,,
2019-01,BISHAN,4 ROOM,225,BISHAN ST 23,04 TO 06,Model A,1992,72 years 07 months,530000,,,,,,,,
2019-01,BISHAN,4 ROOM,221,BISHAN ST 23,13 TO 15,Model A,1992,72 years 07 months,610000,,,,,,,,
2019-01,BISHAN,4 ROOM,224,BISHAN ST 23,16 TO 18,Model A,1992,72 years 06 months,630000,,,,,,,,
2019-01,BISHAN,4 ROOM,287,BISHAN ST 24,04 TO 06,Model A,1992,72 years 07 months,548000,,,,,,,,
2019-01,BISHAN,4 ROOM,266,BISHAN ST 24,04 TO 06,Model A,1992,72 years 07 months,548000,,,,,,,,
2019-01,BISHAN,4 ROOM,272,BISHAN ST 24,07 TO 09,Model A,1992,72 years 07 months,625000,,,,,,,,
2019-01,BISHAN,4 ROOM,273A,BISHAN ST 24,31 TO 33,DBSS,2011,91 years 08 months,820000,,,,,,,,
2019-01,BISHAN,4 ROOM,273B,BISHAN ST 24,28 TO 30,DBSS,2011,91 years 07 months,818000,,,,,,,,
2019-01,BISHAN,5 ROOM,138,BISHAN ST 12,07 TO 09,Improved,1987,67 years 07 months,660000,,,,,,,,
2019-01,BISHAN,5 ROOM,166,BISHAN ST 13,07 TO 09,Improved,1987,67 years 11 months,718000,,,,,,,,
2019-01,BISHAN,5 ROOM,293,BISHAN ST 22,19 TO 21,Premium Apartment,1998,78 years 05 months,820000,,,,,,,,
2019-01,BISHAN,5 ROOM,293,BISHAN ST 22,19 TO 21,Premium Apartment,1998,78 years 05 months,700000,,,,,,,,
2019-01,BISHAN,5 ROOM,303,SHUNFU RD,04 TO 06,Improved,1985,65 years 03 months,800000,,,,,,,,
2019-01,BISHAN,EXECUTIVE,187,BISHAN ST 13,10 TO 12,Maisonette,1987,67 years 01 month,950000,,,,,,,,
2019-01,BISHAN,EXECUTIVE,247,BISHAN ST 22,01 TO 03,Maisonette,1992,72 years 07 months,770000,,,,,,,,
2019-01,BISHAN,EXECUTIVE,238,BISHAN ST 22,07 TO 09,Maisonette,1992,72 years 07 months,780000,,,,,,,,
2019-01,BISHAN,EXECUTIVE,231,BISHAN ST 23,10 TO 12,Maisonette,1992,72 years 04 months,930000,,,,,,,,
2019-02,BISHAN,3 ROOM,116,BISHAN ST 12,01 TO 03,Simplified,1985,65 years 10 months,359000,,,,,,,,
2019-02,BISHAN,3 ROOM,307,SHUNFU RD,04 TO 06,New Generation,1985,65 years 02 months,403000,,,,,,,,
2019-02,BISHAN,3 ROOM,308,SHUNFU RD,10 TO 12,New Generation,1984,64 years 10 months,435000,,,,,,,,
2019-02,BISHAN,3 ROOM,308,SHUNFU RD,04 TO 06,New Generation,1984,64 years 10 months,408000,,,,,,,,
2019-02,BISHAN,3 ROOM,24,SIN MING RD,07 TO 09,Improved,1973,53 years 08 months,260000,,,,,,,,
2019-02,BISHAN,4 ROOM,130,BISHAN ST 12,07 TO 09,Simplified,1986,66 years 01 month,460000,,,,,,,,
2019-02,BISHAN,4 ROOM,139,BISHAN ST 12,01 TO 03,Model A,1988,68 years 06 months,450000,,,,,,,,
2019-02,BISHAN,4 ROOM,114,BISHAN ST 12,10 TO 12,Simplified,1986,65 years 11 months,550000,,,,,,,,
2019-02,BISHAN,4 ROOM,111,BISHAN ST 12,07 TO 09,Simplified,1986,65 years 11 months,503000,,,,,,,,
2019-02,BISHAN,4 ROOM,122,BISHAN ST 12,10 TO 12,Model A,1986,66 years,582000,,,,,,,,
2019-02,BISHAN,4 ROOM,123,BISHAN ST 12,13 TO 15,Model A,1986,66 years,598888,,,,,,,,
2019-02,BISHAN,4 ROOM,113,BISHAN ST 12,01 TO 03,Simplified,1986,65 years 11 months,438000,,,,,,,,
2019-02,BISHAN,4 ROOM,124,BISHAN ST 12,01 TO 03,Simplified,1987,67 years 04 months,415000,,,,,,,,
2019-02,BISHAN,4 ROOM,246,BISHAN ST 22,10 TO 12,Model A,1992,72 years 06 months,553000,,,,,,,,
2019-02,BISHAN,4 ROOM,224,BISHAN ST 23,22 TO 24,Model A,1992,72 years 05 months,643000,,,,,,,,
2019-02,BISHAN,4 ROOM,265,BISHAN ST 24,01 TO 03,Model A,1992,72 years 06 months,535000,,,,,,,,
2019-02,BISHAN,4 ROOM,448,BRIGHT HILL DR,04 TO 06,Model A,1990,70 years 02 months,550000,,,,,,,,
2019-02,BISHAN,4 ROOM,309,SHUNFU RD,04 TO 06,New Generation,1984,64 years 09 months,500000,,,,,,,,
2019-02,BISHAN,4 ROOM,406,SIN MING AVE,10 TO 12,Simplified,1987,67 years 02 months,512000,,,,,,,,
2019-02,BISHAN,5 ROOM,140,BISHAN ST 12,07 TO 09,Improved,1988,68 years 06 months,660000,,,,,,,,
2019-02,BISHAN,5 ROOM,158,BISHAN ST 13,19 TO 21,Improved,1988,68 years 01 month,800000,,,,,,,,
2019-02,BISHAN,5 ROOM,155,BISHAN ST 13,04 TO 06,Improved,1987,67 years 09 months,720000,,,,,,,,
2019-02,BISHAN,5 ROOM,293,BISHAN ST 22,10 TO 12,Premium Apartment,1998,78 years 05 months,788000,,,,,,,,
2019-02,BISHAN,5 ROOM,273B,BISHAN ST 24,01 TO 03,DBSS,2011,91 years 07 months,840000,,,,,,,,
2019-02,BISHAN,5 ROOM,273A,BISHAN ST 24,07 TO 09,DBSS,2011,91 years 07 months,968000,,,,,,,,
2019-02,BISHAN,5 ROOM,449,SIN MING AVE,10 TO 12,Improved,1990,70 years 01 month,750000,,,,,,,,
2019-02,BISHAN,EXECUTIVE,119,BISHAN ST 12,01 TO 03,Apartment,1987,67 years 04 months,780000,,,,,,,,
2019-02,BISHAN,EXECUTIVE,301,SHUNFU RD,10 TO 12,Maisonette,1985,65 years 05 months,1028000,,,,,,,,
2019-03,BISHAN,3 ROOM,133,BISHAN ST 12,01 TO 03,Simplified,1987,66 years 11 months,370000,,,,,,,,
2019-03,BISHAN,3 ROOM,115,BISHAN ST 12,07 TO 09,Simplified,1986,65 years 11 months,390000,,,,,,,,
2019-03,BISHAN,3 ROOM,110,BISHAN ST 12,01 TO 03,Simplified,1986,65 years 11 months,380000,,,,,,,,
2019-03,BISHAN,3 ROOM,105,BISHAN ST 12,01 TO 03,Simplified,1985,65 years 09 months,350000,,,,,,,,
2019-03,BISHAN,3 ROOM,403,SIN MING AVE,04 TO 06,Simplified,1986,66 years 05 months,375000,,,,,,,,
2019-03,BISHAN,4 ROOM,146,BISHAN ST 11,01 TO 03,Simplified,1987,67 years 05 months,365000,,,,,,,,
2019-03,BISHAN,4 ROOM,150A,BISHAN ST 11,04 TO 06,Simplified,1989,68 years 10 months,405000,,,,,,,,
2019-03,BISHAN,4 ROOM,107,BISHAN ST 12,07 TO 09,Simplified,1985,65 years 09 months,465000,,,,,,,,
2019-03,BISHAN,4 ROOM,138,BISHAN ST 12,01 TO 03,Simplified,1987,67 years 05 months,339000,,,,,,,,
2019-03,BISHAN,4 ROOM,122,BISHAN ST 12,01 TO 03,Simplified,1986,66 years,400000,,,,,,,,
2019-03,BISHAN,4 ROOM,111,BISHAN ST 12,07 TO 09,Simplified,1986,65 years 11 months,488000,,,,,,,,
2019-03,BISHAN,4 ROOM,105,BISHAN ST 12,01 TO 03,Model A,1985,65 years 09 months,545000,,,,,,,,
2019-03,BISHAN,4 ROOM,109,BISHAN ST 12,07 TO 09,Model A,1985,65 years 10 months,638000,,,,,,,,
2019-03,BISHAN,4 ROOM,125,BISHAN ST 12,04 TO 06,Simplified,1987,67 years 03 months,445000,,,,,,,,
2019-03,BISHAN,4 ROOM,172,BISHAN ST 13,04 TO 06,Simplified,1987,67 years 09 months,483000,,,,,,,,
2019-03,BISHAN,4 ROOM,250,BISHAN ST 22,10 TO 12,Model A,1992,72 years 06 months,598000,,,,,,,,
2019-03,BISHAN,4 ROOM,254,BISHAN ST 22,01 TO 03,Model A,1992,72 years 05 months,500000,,,,,,,,
2019-03,BISHAN,4 ROOM,285,BISHAN ST 22,04 TO 06,Model A,1992,72 years 05 months,570000,,,,,,,,
2019-03,BISHAN,4 ROOM,254,BISHAN ST 22,01 TO 03,Model A,1992,72 years 05 months,460000,,,,,,,,
2019-03,BISHAN,4 ROOM,224,BISHAN ST 23,25 TO 27,Model A,1992,72 years 05 months,638000,,,,,,,,
2019-03,BISHAN,4 ROOM,209,BISHAN ST 23,01 TO 03,Model A,1992,72 years 01 month,572500,,,,,,,,
2019-03,BISHAN,4 ROOM,273B,BISHAN ST 24,01 TO 03,DBSS,2011,91 years 06 months,715000,,,,,,,,
2019-03,BISHAN,4 ROOM,275A,BISHAN ST 24,01 TO 03,DBSS,2011,91 years 06 months,745000,,,,,,,,
2019-03,BISHAN,4 ROOM,286,BISHAN ST 24,10 TO 12,Model A,1992,72 years 05 months,635000,,,,,,,,
2019-03,BISHAN,4 ROOM,271,BISHAN ST 24,13 TO 15,Model A,1992,72 years 05 months,600000,,,,,,,,
2019-03,BISHAN,4 ROOM,266,BISHAN ST 24,04 TO 06,Model A,1992,72 years 04 months,515000,,,,,,,,
2019-03,BISHAN,4 ROOM,455,SIN MING AVE,04 TO 06,Model A,1990,69 years 11 months,573000,,,,,,,,
2019-03,BISHAN,5 ROOM,138,BISHAN ST 12,01 TO 03,Improved,1987,67 years 05 months,660000,,,,,,,,
2019-03,BISHAN,5 ROOM,103,BISHAN ST 12,04 TO 06,Improved,1986,66 years 08 months,668000,,,,,,,,
2019-03,BISHAN,5 ROOM,170,BISHAN ST 13,01 TO 03,Improved,1987,67 years 07 months,580000,,,,,,,,
2019-03,BISHAN,5 ROOM,181,BISHAN ST 13,01 TO 03,Improved,1987,66 years 11 months,620000,,,,,,,,
2019-03,BISHAN,5 ROOM,179,BISHAN ST 13,01 TO 03,Improved,1987,67 years 05 months,675000,,,,,,,,
2019-03,BISHAN,5 ROOM,293,BISHAN ST 22,07 TO 09,Premium Apartment,1998,78 years 03 months,690000,,,,,,,,
2019-03,BISHAN,5 ROOM,275A,BISHAN ST 24,13 TO 15,DBSS,2011,91 years 06 months,996000,,,,,,,,
2019-03,BISHAN,5 ROOM,273A,BISHAN ST 24,04 TO 06,DBSS,2011,91 years 05 months,920000,,,,,,,,
2019-03,BISHAN,5 ROOM,408,SIN MING AVE,10 TO 12,Improved,1986,66 years 03 months,632000,,,,,,,,
2019-03,BISHAN,EXECUTIVE,186,BISHAN ST 13,04 TO 06,Maisonette,1987,67 years 05 months,920000,,,,,,,,
2019-03,BISHAN,EXECUTIVE,173,BISHAN ST 13,19 TO 21,Maisonette,1987,67 years 01 month,1145000,,,,,,,,
2019-04,BISHAN,3 ROOM,180,BISHAN ST 13,01 TO 03,Simplified,1988,68 years 01 month,375000,,,,,,,,
2019-04,BISHAN,3 ROOM,407,SIN MING AVE,13 TO 15,Simplified,1986,66 years 05 months,363000,,,,,,,,
2019-04,BISHAN,3 ROOM,406,SIN MING AVE,07 TO 09,Simplified,1987,67 years 01 month,366000,,,,,,,,
2019-04,BISHAN,4 ROOM,502,BISHAN ST 11,01 TO 03,Model A,1989,69 years 05 months,550000,,,,,,,,
2019-04,BISHAN,4 ROOM,126,BISHAN ST 12,04 TO 06,Simplified,1987,67 years 03 months,465000,,,,,,,,
2019-04,BISHAN,4 ROOM,113,BISHAN ST 12,04 TO 06,Simplified,1986,65 years 09 months,545000,,,,,,,,
2019-04,BISHAN,4 ROOM,109,BISHAN ST 12,10 TO 12,Simplified,1985,65 years 08 months,506000,,,,,,,,
2019-04,BISHAN,4 ROOM,172,BISHAN ST 13,04 TO 06,Simplified,1987,67 years 09 months,465000,,,,,,,,
2019-04,BISHAN,4 ROOM,220,BISHAN ST 23,07 TO 09,Model A,1992,72 years 04 months,600000,,,,,,,,
2019-04,BISHAN,4 ROOM,203,BISHAN ST 23,04 TO 06,Model A,1992,72 years,590000,,,,,,,,
2019-04,BISHAN,4 ROOM,278,BISHAN ST 24,13 TO 15,Model A,1992,72 years 04 months,660000,,,,,,,,
2019-04,BISHAN,4 ROOM,275A,BISHAN ST 24,37 TO 39,DBSS,2011,91 years 04 months,878000,,,,,,,,
2019-04,BISHAN,4 ROOM,448,BRIGHT HILL DR,04 TO 06,Model A,1990,70 years,550000,,,,,,,,
2019-04,BISHAN,4 ROOM,304,SHUNFU RD,13 TO 15,New Generation,1985,65 years,560000,,,,,,,,
2019-04,BISHAN,4 ROOM,451,SIN MING AVE,01 TO 03,Model A,1990,69 years 09 months,500000,,,,,,,,
2019-04,BISHAN,5 ROOM,140,BISHAN ST 12,04 TO 06,Improved,1988,68 years 04 months,660000,,,,,,,,
2019-04,BISHAN,5 ROOM,102,BISHAN ST 12,07 TO 09,Improved,1987,66 years 10 months,678000,,,,,,,,
2019-04,BISHAN,5 ROOM,126,BISHAN ST 12,07 TO 09,Improved,1987,67 years 03 months,777000,,,,,,,,
2019-04,BISHAN,5 ROOM,144,BISHAN ST 12,07 TO 09,Improved,1988,68 years 04 months,655000,,,,,,,,
2019-04,BISHAN,5 ROOM,190,BISHAN ST 13,04 TO 06,Improved,1987,66 years 09 months,710000,,,,,,,,
2019-04,BISHAN,5 ROOM,182,BISHAN ST 13,01 TO 03,Improved,1987,67 years 03 months,680000,,,,,,,,
2019-04,BISHAN,5 ROOM,163,BISHAN ST 13,19 TO 21,Improved,1988,68 years 03 months,758888,,,,,,,,
2019-04,BISHAN,5 ROOM,273B,BISHAN ST 24,34 TO 36,DBSS,2011,91 years 05 months,1056000,,,,,,,,
2019-04,BISHAN,5 ROOM,291,BISHAN ST 24,28 TO 30,Premium Apartment,1998,78 years 02 months,888000,,,,,,,,
2019-04,BISHAN,5 ROOM,290,BISHAN ST 24,10 TO 12,Premium Apartment,1998,78 years 02 months,665000,,,,,,,,
2019-04,BISHAN,5 ROOM,402,SIN MING AVE,19 TO 21,Improved,1986,65 years 09 months,698888,,,,,,,,
2019-04,BISHAN,EXECUTIVE,162,BISHAN ST 13,01 TO 03,Maisonette,1988,67 years 10 months,770000,,,,,,,,
2019-04,BISHAN,EXECUTIVE,168,BISHAN ST 13,19 TO 21,Maisonette,1986,66 years 07 months,1008000,,,,,,,,
2019-04,BISHAN,EXECUTIVE,257,BISHAN ST 22,04 TO 06,Maisonette,1992,72 years 03 months,710000,,,,,,,,
2019-04,BISHAN,EXECUTIVE,222,BISHAN ST 23,10 TO 12,Maisonette,1992,72 years 04 months,863000,,,,,,,,
2019-04,BISHAN,EXECUTIVE,231,BISHAN ST 23,10 TO 12,Maisonette,1992,71 years 11 months,925000,,,,,,,,
2019-04,BISHAN,EXECUTIVE,301,SHUNFU RD,01 TO 03,Maisonette,1985,65 years 04 months,965000,,,,,,,,
2019-05,BISHAN,3 ROOM,120,BISHAN ST 12,01 TO 03,Simplified,1986,66 years,360000,,,,,,,,
2019-05,BISHAN,3 ROOM,171,BISHAN ST 13,10 TO 12,Simplified,1988,67 years 08 months,378888,,,,,,,,
2019-05,BISHAN,4 ROOM,149,BISHAN ST 11,04 TO 06,Model A,1987,66 years 08 months,510000,,,,,,,,
2019-05,BISHAN,4 ROOM,506,BISHAN ST 11,13 TO 15,Model A,1989,69 years 04 months,720000,,,,,,,,
2019-05,BISHAN,4 ROOM,131,BISHAN ST 12,10 TO 12,Simplified,1986,65 years 08 months,521000,,,,,,,,
2019-05,BISHAN,4 ROOM,112,BISHAN ST 12,04 TO 06,Model A,1985,65 years 01 month,590000,,,,,,,,
2019-05,BISHAN,4 ROOM,167,BISHAN ST 13,04 TO 06,Simplified,1988,68 years 05 months,388000,,,,,,,,
2019-05,BISHAN,4 ROOM,260,BISHAN ST 22,01 TO 03,Model A,1992,72 years 03 months,590000,,,,,,,,
2019-05,BISHAN,4 ROOM,232,BISHAN ST 22,04 TO 06,Model A,1992,71 years 11 months,500000,,,,,,,,
2019-05,BISHAN,4 ROOM,213,BISHAN ST 23,04 TO 06,Model A,1992,72 years,550000,,,,,,,,
2019-05,BISHAN,4 ROOM,224,BISHAN ST 23,04 TO 06,Model A,1992,72 years 03 months,570000,,,,,,,,
2019-05,BISHAN,4 ROOM,454,SIN MING AVE,01 TO 03,Model A,1989,69 years 06 months,450000,,,,,,,,
2019-05,BISHAN,4 ROOM,451,SIN MING AVE,01 TO 03,Model A,1990,69 years 08 months,540000,,,,,,,,
2019-05,BISHAN,5 ROOM,117,BISHAN ST 12,22 TO 24,Improved,1987,67 years 03 months,833000,,,,,,,,
2019-05,BISHAN,5 ROOM,135,BISHAN ST 12,04 TO 06,Improved,1987,67 years 02 months,675000,,,,,,,,
2019-05,BISHAN,5 ROOM,135,BISHAN ST 12,16 TO 18,Improved,1987,67 years 01 month,678000,,,,,,,,
2019-05,BISHAN,5 ROOM,144,BISHAN ST 12,01 TO 03,Improved,1988,68 years 03 months,630000,,,,,,,,
2019-05,BISHAN,5 ROOM,172,BISHAN ST 13,04 TO 06,Improved,1987,67 years 08 months,638000,,,,,,,,
2019-05,BISHAN,5 ROOM,190,BISHAN ST 13,13 TO 15,Improved,1987,66 years 08 months,785000,,,,,,,,
2019-05,BISHAN,5 ROOM,163,BISHAN ST 13,04 TO 06,Improved,1988,68 years 02 months,690000,,,,,,,,
2019-05,BISHAN,5 ROOM,153,BISHAN ST 13,01 TO 03,Improved,1987,67 years 05 months,685000,,,,,,,,
2019-05,BISHAN,5 ROOM,249,BISHAN ST 22,07 TO 09,Model A,1992,72 years 03 months,780000,,,,,,,,
2019-05,BISHAN,5 ROOM,292,BISHAN ST 22,13 TO 15,Premium Apartment,1998,78 years 01 month,815000,,,,,,,,
2019-05,BISHAN,5 ROOM,275A,BISHAN ST 24,28 TO 30,DBSS,2011,91 years 04 months,1080000,,,,,,,,
2019-05,BISHAN,5 ROOM,310,SHUNFU RD,10 TO 12,Improved,1984,64 years 08 months,718000,,,,,,,,
2019-05,BISHAN,5 ROOM,444,SIN MING AVE,22 TO 24,Improved,1990,69 years 09 months,760000,,,,,,,,
2019-05,BISHAN,5 ROOM,454,SIN MING AVE,07 TO 09,Improved,1989,69 years 06 months,690000,,,,,,,,
2019-05,BISHAN,5 ROOM,442,SIN MING AVE,07 TO 09,Improved,1990,69 years 09 months,700000,,,,,,,,
2019-06,BISHAN,3 ROOM,116,BISHAN ST 12,01 TO 03,Simplified,1985,65 years 06 months,390000,,,,,,,,
2019-06,BISHAN,3 ROOM,189,BISHAN ST 13,01 TO 03,Simplified,1988,68 years,405000,,,,,,,,
2019-06,BISHAN,3 ROOM,185,BISHAN ST 13,07 TO 09,Simplified,1988,67 years 10 months,415000,,,,,,,,
2019-06,BISHAN,3 ROOM,176,BISHAN ST 13,07 TO 09,Simplified,1988,67 years 10 months,395000,,,,,,,,
2019-06,BISHAN,3 ROOM,23,SIN MING RD,07 TO 09,Improved,1973,53 years 04 months,246000,,,,,,,,
2019-06,BISHAN,4 ROOM,149,BISHAN ST 11,07 TO 09,Simplified,1987,66 years 07 months,470000,,,,,,,,
2019-06,BISHAN,4 ROOM,131,BISHAN ST 12,01 TO 03,Model A,1986,65 years 07 months,608000,,,,,,,,
2019-06,BISHAN,4 ROOM,167,BISHAN ST 13,01 TO 03,Simplified,1988,68 years 03 months,390000,,,,,,,,
2019-06,BISHAN,4 ROOM,175,BISHAN ST 13,01 TO 03,Simplified,1987,67 years 03 months,370000,,,,,,,,
2019-06,BISHAN,4 ROOM,154,BISHAN ST 13,07 TO 09,Simplified,1987,67 years 06 months,460000,,,,,,,,
2019-06,BISHAN,4 ROOM,154,BISHAN ST 13,04 TO 06,Simplified,1987,67 years 06 months,475000,,,,,,,,
2019-06,BISHAN,4 ROOM,263,BISHAN ST 22,01 TO 03,Model A,1992,72 years 02 months,515888,,,,,,,,
2019-06,BISHAN,4 ROOM,239,BISHAN ST 22,01 TO 03,Model A,1992,72 years 02 months,448000,,,,,,,,
2019-06,BISHAN,4 ROOM,207,BISHAN ST 23,07 TO 09,Model A,1992,71 years 11 months,620000,,,,,,,,
2019-06,BISHAN,4 ROOM,220,BISHAN ST 23,07 TO 09,Model A,1992,72 years 02 months,653000,,,,,,,,
2019-06,BISHAN,4 ROOM,224,BISHAN ST 23,07 TO 09,Model A,1992,72 years 02 months,595000,,,,,,,,
2019-06,BISHAN,4 ROOM,229,BISHAN ST 23,04 TO 06,Model A,1992,71 years 10 months,475000,,,,,,,,
2019-06,BISHAN,4 ROOM,264,BISHAN ST 24,04 TO 06,Model A,1992,72 years 02 months,550000,,,,,,,,
2019-06,BISHAN,4 ROOM,403,SIN MING AVE,04 TO 06,Simplified,1986,66 years 03 months,500000,,,,,,,,
2019-06,BISHAN,5 ROOM,117,BISHAN ST 12,10 TO 12,Improved,1987,67 years 02 months,748000,,,,,,,,
2019-06,BISHAN,5 ROOM,135,BISHAN ST 12,07 TO 09,Improved,1987,67 years 04 months,638000,,,,,,,,
2019-06,BISHAN,5 ROOM,192,BISHAN ST 13,01 TO 03,Improved,1987,67 years 03 months,715000,,,,,,,,
2019-06,BISHAN,5 ROOM,177,BISHAN ST 13,01 TO 03,Improved,1987,67 years 03 months,630000,,,,,,,,
2019-06,BISHAN,5 ROOM,163,BISHAN ST 13,13 TO 15,Improved,1988,68 years 01 month,742000,,,,,,,,
2019-06,BISHAN,5 ROOM,183,BISHAN ST 13,10 TO 12,Improved,1987,66 years 10 months,782000,,,,,,,,
2019-06,BISHAN,5 ROOM,178,BISHAN ST 13,07 TO 09,Improved,1987,67 years 04 months,765000,,,,,,,,
2019-06,BISHAN,5 ROOM,223,BISHAN ST 23,07 TO 09,Improved,1992,72 years 01 month,858000,,,,,,,,
2019-06,BISHAN,5 ROOM,266,BISHAN ST 24,10 TO 12,Model A,1992,72 years 02 months,710000,,,,,,,,
2019-06,BISHAN,5 ROOM,273A,BISHAN ST 24,13 TO 15,DBSS,2011,91 years 03 months,860000,,,,,,,,
2019-06,BISHAN,5 ROOM,275A,BISHAN ST 24,31 TO 33,DBSS,2011,91 years 02 months,1000000,,,,,,,,
2019-06,BISHAN,5 ROOM,442,SIN MING AVE,01 TO 03,Improved,1990,69 years 08 months,635000,,,,,,,,
2019-06,BISHAN,EXECUTIVE,134,BISHAN ST 12,04 TO 06,Apartment,1986,66 years 05 months,830000,,,,,,,,
2019-06,BISHAN,EXECUTIVE,174,BISHAN ST 13,01 TO 03,Maisonette,1986,66 years 05 months,850000,,,,,,,,
2019-06,BISHAN,EXECUTIVE,231,BISHAN ST 23,01 TO 03,Maisonette,1992,71 years 11 months,840000,,,,,,,,
2019-06,BISHAN,EXECUTIVE,222,BISHAN ST 23,10 TO 12,Maisonette,1992,72 years 02 months,885000,,,,,,,,
2019-06,BISHAN,EXECUTIVE,453,SIN MING AVE,13 TO 15,Maisonette,1990,69 years 08 months,950000,,,,,,,,
2019-06,BISHAN,MULTI-GENERATION,137,BISHAN ST 12,07 TO 09,Multi Generation,1987,67 years 08 months,840000,,,,,,,,
2019-07,BISHAN,3 ROOM,180,BISHAN ST 13,07 TO 09,Simplified,1988,67 years 09 months,405000,,,,,,,,
2019-07,BISHAN,3 ROOM,176,BISHAN ST 13,04 TO 06,Simplified,1988,67 years 09 months,375000,,,,,,,,
2019-07,BISHAN,3 ROOM,311,SHUNFU RD,01 TO 03,New Generation,1984,64 years 04 months,390000,,,,,,,,
2019-07,BISHAN,3 ROOM,304,SHUNFU RD,13 TO 15,New Generation,1985,64 years 08 months,450000,,,,,,,,
2019-07,BISHAN,3 ROOM,403,SIN MING AVE,10 TO 12,Simplified,1986,66 years 01 month,382000,,,,,,,,
2019-07,BISHAN,3 ROOM,23,SIN MING RD,10 TO 12,Improved,1973,53 years 03 months,266000,,,,,,,,
2019-07,BISHAN,4 ROOM,503,BISHAN ST 11,04 TO 06,Model A,1989,69 years 04 months,769000,,,,,,,,
2019-07,BISHAN,4 ROOM,112,BISHAN ST 12,07 TO 09,Simplified,1985,64 years 11 months,505000,,,,,,,,
2019-07,BISHAN,4 ROOM,113,BISHAN ST 12,07 TO 09,Model A,1986,65 years 06 months,628000,,,,,,,,
2019-07,BISHAN,4 ROOM,107,BISHAN ST 12,01 TO 03,Simplified,1985,65 years 04 months,475000,,,,,,,,
2019-07,BISHAN,4 ROOM,172,BISHAN ST 13,04 TO 06,Model A,1987,67 years 05 months,505000,,,,,,,,
2019-07,BISHAN,4 ROOM,184,BISHAN ST 13,04 TO 06,Simplified,1988,67 years 07 months,550888,,,,,,,,
2019-07,BISHAN,4 ROOM,243,BISHAN ST 22,04 TO 06,Model A,1992,71 years 11 months,568000,,,,,,,,
2019-07,BISHAN,4 ROOM,243,BISHAN ST 22,16 TO 18,Model A,1992,71 years 11 months,650000,,,,,,,,
2019-07,BISHAN,4 ROOM,285,BISHAN ST 22,07 TO 09,Model A,1992,72 years,635000,,,,,,,,
2019-07,BISHAN,4 ROOM,291,BISHAN ST 24,19 TO 21,Premium Apartment,1998,77 years 11 months,610000,,,,,,,,
2019-07,BISHAN,4 ROOM,265,BISHAN ST 24,01 TO 03,Model A,1992,71 years 11 months,462000,,,,,,,,
2019-07,BISHAN,4 ROOM,288,BISHAN ST 24,10 TO 12,Premium Apartment,1998,77 years 11 months,628000,,,,,,,,
2019-07,BISHAN,4 ROOM,406,SIN MING AVE,07 TO 09,Simplified,1987,66 years 09 months,520000,,,,,,,,
2019-07,BISHAN,5 ROOM,128,BISHAN ST 12,16 TO 18,Improved,1987,66 years 08 months,750000,,,,,,,,
2019-07,BISHAN,5 ROOM,103,BISHAN ST 12,19 TO 21,Improved,1986,66 years 04 months,773888,,,,,,,,
2019-07,BISHAN,5 ROOM,124,BISHAN ST 12,07 TO 09,Improved,1987,66 years 11 months,725000,,,,,,,,
2019-07,BISHAN,5 ROOM,153,BISHAN ST 13,07 TO 09,Improved,1987,67 years 03 months,670000,,,,,,,,
2019-07,BISHAN,5 ROOM,192,BISHAN ST 13,07 TO 09,Improved,1987,67 years 01 month,740000,,,,,,,,
2019-07,BISHAN,5 ROOM,164,BISHAN ST 13,10 TO 12,Improved,1988,68 years,708888,,,,,,,,
2019-07,BISHAN,5 ROOM,153,BISHAN ST 13,04 TO 06,Improved,1987,67 years 03 months,668000,,,,,,,,
2019-07,BISHAN,5 ROOM,179,BISHAN ST 13,13 TO 15,Improved,1987,67 years 01 month,792000,,,,,,,,
2019-07,BISHAN,5 ROOM,183,BISHAN ST 13,16 TO 18,Improved,1987,66 years 09 months,800000,,,,,,,,
2019-07,BISHAN,5 ROOM,242,BISHAN ST 22,10 TO 12,Improved,1992,71 years 11 months,850000,,,,,,,,
2019-07,BISHAN,5 ROOM,256,BISHAN ST 22,10 TO 12,Model A,1992,72 years,790000,,,,,,,,
2019-07,BISHAN,5 ROOM,288,BISHAN ST 24,19 TO 21,Premium Apartment,1998,78 years,755888,,,,,,,,
2019-07,BISHAN,5 ROOM,291,BISHAN ST 24,25 TO 27,Premium Apartment,1998,77 years 11 months,868000,,,,,,,,
2019-07,BISHAN,5 ROOM,273B,BISHAN ST 24,10 TO 12,DBSS,2011,91 years 01 month,1050000,,,,,,,,
2019-07,BISHAN,5 ROOM,402,SIN MING AVE,22 TO 24,Improved,1986,65 years 07 months,720000,,,,,,,,
2019-07,BISHAN,5 ROOM,405,SIN MING AVE,01 TO 03,Improved,1986,65 years 11 months,558000,,,,,,,,
2019-07,BISHAN,EXECUTIVE,119,BISHAN ST 12,04 TO 06,Apartment,1987,66 years 10 months,858000,,,,,,,,
2019-07,BISHAN,EXECUTIVE,186,BISHAN ST 13,10 TO 12,Maisonette,1987,67 years 02 months,905000,,,,,,,,
2019-07,BISHAN,EXECUTIVE,187,BISHAN ST 13,07 TO 09,Maisonette,1987,66 years 07 months,920000,,,,,,,,
2019-07,BISHAN,EXECUTIVE,222,BISHAN ST 23,04 TO 06,Maisonette,1992,71 years 11 months,838000,,,,,,,,
2019-07,BISHAN,EXECUTIVE,212,BISHAN ST 23,04 TO 06,Maisonette,1992,71 years 10 months,858000,,,,,,,,
2019-07,BISHAN,EXECUTIVE,301,SHUNFU RD,01 TO 03,Maisonette,1985,65 years 02 months,968000,,,,,,,,
2019-07,BISHAN,MULTI-GENERATION,137,BISHAN ST 12,10 TO 12,Multi Generation,1987,66 years 11 months,930000,,,,,,,,
2019-08,BISHAN,4 ROOM,110,BISHAN ST 12,01 TO 03,Model A,1986,65 years 06 months,590000,,,,,,,,
2019-08,BISHAN,4 ROOM,112,BISHAN ST 12,04 TO 06,Simplified,1985,64 years 10 months,488000,,,,,,,,
2019-08,BISHAN,4 ROOM,197,BISHAN ST 13,01 TO 03,Simplified,1987,66 years 05 months,450000,,,,,,,,
2019-08,BISHAN,4 ROOM,252,BISHAN ST 22,19 TO 21,Model A,1992,72 years,688888,,,,,,,,
2019-08,BISHAN,4 ROOM,246,BISHAN ST 22,10 TO 12,Model A,1992,72 years,553000,,,,,,,,
2019-08,BISHAN,4 ROOM,239,BISHAN ST 22,07 TO 09,Model A,1992,72 years,560000,,,,,,,,
2019-08,BISHAN,4 ROOM,262,BISHAN ST 22,04 TO 06,Model A,1992,72 years,519888,,,,,,,,
2019-08,BISHAN,4 ROOM,248,BISHAN ST 22,01 TO 03,Model A,1992,72 years,560000,,,,,,,,
2019-08,BISHAN,4 ROOM,206,BISHAN ST 23,07 TO 09,Model A,1992,71 years 09 months,625000,,,,,,,,
2019-08,BISHAN,4 ROOM,220,BISHAN ST 23,04 TO 06,Model A,1992,72 years,562000,,,,,,,,
2019-08,BISHAN,4 ROOM,272,BISHAN ST 24,04 TO 06,Model A,1992,72 years,565000,,,,,,,,
2019-08,BISHAN,4 ROOM,269,BISHAN ST 24,10 TO 12,Model A,1992,71 years 11 months,595000,,,,,,,,
2019-08,BISHAN,4 ROOM,272,BISHAN ST 24,04 TO 06,Model A,1992,71 years 11 months,570000,,,,,,,,
2019-08,BISHAN,4 ROOM,443,SIN MING AVE,07 TO 09,Model A,1990,69 years 06 months,602000,,,,,,,,
2019-08,BISHAN,4 ROOM,407,SIN MING AVE,01 TO 03,Simplified,1986,66 years,493000,,,,,,,,
2019-08,BISHAN,5 ROOM,157,BISHAN ST 13,19 TO 21,Improved,1988,67 years 05 months,815000,,,,,,,,
2019-08,BISHAN,5 ROOM,251,BISHAN ST 22,01 TO 03,Improved,1992,71 years 11 months,768000,,,,,,,,
2019-08,BISHAN,5 ROOM,255,BISHAN ST 22,10 TO 12,Model A,1992,71 years 11 months,818000,,,,,,,,
2019-08,BISHAN,5 ROOM,293,BISHAN ST 22,19 TO 21,Premium Apartment,1998,77 years 10 months,825000,,,,,,,,
2019-08,BISHAN,5 ROOM,213,BISHAN ST 23,07 TO 09,Model A,1992,71 years 09 months,822000,,,,,,,,
2019-08,BISHAN,5 ROOM,273B,BISHAN ST 24,22 TO 24,DBSS,2011,90 years 11 months,1065000,,,,,,,,
2019-08,BISHAN,5 ROOM,275A,BISHAN ST 24,19 TO 21,DBSS,2011,90 years 11 months,1000000,,,,,,,,
2019-08,BISHAN,5 ROOM,303,SHUNFU RD,01 TO 03,Improved,1985,64 years 07 months,750000,,,,,,,,
2019-08,BISHAN,5 ROOM,312,SHUNFU RD,04 TO 06,Improved,1985,64 years 10 months,680000,,,,,,,,
2019-08,BISHAN,EXECUTIVE,119,BISHAN ST 12,13 TO 15,Apartment,1987,66 years 10 months,850000,,,,,,,,
2019-08,BISHAN,EXECUTIVE,174,BISHAN ST 13,01 TO 03,Maisonette,1986,66 years 03 months,795000,,,,,,,,
2019-08,BISHAN,EXECUTIVE,187,BISHAN ST 13,04 TO 06,Maisonette,1987,66 years 06 months,873000,,,,,,,,
2019-08,BISHAN,EXECUTIVE,201,BISHAN ST 23,01 TO 03,Maisonette,1992,71 years 09 months,808000,,,,,,,,
2019-08,BISHAN,EXECUTIVE,401,SIN MING AVE,01 TO 03,Maisonette,1985,65 years 03 months,905000,,,,,,,,
2019-09,BISHAN,3 ROOM,108,BISHAN ST 12,01 TO 03,Simplified,1985,65 years 01 month,386100,,,,,,,,
2019-09,BISHAN,3 ROOM,195,BISHAN ST 13,07 TO 09,Simplified,1988,67 years 05 months,410000,,,,,,,,
2019-09,BISHAN,3 ROOM,304,SHUNFU RD,07 TO 09,New Generation,1985,64 years 06 months,390000,,,,,,,,
2019-09,BISHAN,4 ROOM,130,BISHAN ST 12,04 TO 06,Model A,1986,65 years 06 months,550000,,,,,,,,
2019-09,BISHAN,4 ROOM,106,BISHAN ST 12,10 TO 12,Simplified,1985,65 years 03 months,525000,,,,,,,,
2019-09,BISHAN,4 ROOM,113,BISHAN ST 12,07 TO 09,Model A,1986,65 years 04 months,620000,,,,,,,,
2019-09,BISHAN,4 ROOM,188,BISHAN ST 13,10 TO 12,Simplified,1988,67 years 06 months,572000,,,,,,,,
2019-09,BISHAN,4 ROOM,271,BISHAN ST 24,07 TO 09,Model A,1992,71 years 11 months,556000,,,,,,,,
2019-09,BISHAN,4 ROOM,273A,BISHAN ST 24,40 TO 42,DBSS,2011,90 years 11 months,900000,,,,,,,,
2019-09,BISHAN,4 ROOM,441,SIN MING AVE,10 TO 12,Model A,1990,69 years 06 months,573000,,,,,,,,
2019-09,BISHAN,4 ROOM,407,SIN MING AVE,10 TO 12,Simplified,1986,65 years 11 months,508000,,,,,,,,
2019-09,BISHAN,4 ROOM,454,SIN MING AVE,04 TO 06,Model A,1989,69 years 02 months,500000,,,,,,,,
2019-09,BISHAN,4 ROOM,454,SIN MING AVE,07 TO 09,Model A,1989,69 years 02 months,560000,,,,,,,,
2019-09,BISHAN,5 ROOM,124,BISHAN ST 12,04 TO 06,Improved,1987,66 years 09 months,650000,,,,,,,,
2019-09,BISHAN,5 ROOM,155,BISHAN ST 13,19 TO 21,Improved,1987,67 years 03 months,738000,,,,,,,,
2019-09,BISHAN,5 ROOM,161,BISHAN ST 13,16 TO 18,Improved,1988,67 years 10 months,735000,,,,,,,,
2019-09,BISHAN,5 ROOM,153,BISHAN ST 13,01 TO 03,Improved,1987,67 years 01 month,638000,,,,,,,,
2019-09,BISHAN,5 ROOM,190,BISHAN ST 13,16 TO 18,Improved,1987,66 years 04 months,850000,,,,,,,,
2019-09,BISHAN,5 ROOM,235,BISHAN ST 22,07 TO 09,Model A,1992,71 years 08 months,788000,,,,,,,,
2019-09,BISHAN,5 ROOM,203,BISHAN ST 23,07 TO 09,Model A,1992,71 years 08 months,770000,,,,,,,,
2019-09,BISHAN,5 ROOM,225,BISHAN ST 23,04 TO 06,Model A,1992,71 years 11 months,665000,,,,,,,,
2019-09,BISHAN,5 ROOM,223,BISHAN ST 23,07 TO 09,Improved,1992,71 years 11 months,850000,,,,,,,,
2019-09,BISHAN,5 ROOM,310,SHUNFU RD,04 TO 06,Improved,1984,64 years 04 months,690000,,,,,,,,
2019-09,BISHAN,5 ROOM,303,SHUNFU RD,10 TO 12,Improved,1985,64 years 06 months,728000,,,,,,,,
2019-09,BISHAN,5 ROOM,408,SIN MING AVE,04 TO 06,Improved,1986,65 years 10 months,630000,,,,,,,,
2019-09,BISHAN,5 ROOM,405,SIN MING AVE,22 TO 24,Improved,1986,65 years 10 months,700000,,,,,,,,
2019-09,BISHAN,5 ROOM,402,SIN MING AVE,16 TO 18,Improved,1986,65 years 04 months,680000,,,,,,,,
2019-09,BISHAN,5 ROOM,454,SIN MING AVE,01 TO 03,Improved,1989,69 years 03 months,600000,,,,,,,,
2019-09,BISHAN,5 ROOM,405,SIN MING AVE,13 TO 15,Improved,1986,65 years 09 months,657700,,,,,,,,
2019-09,BISHAN,5 ROOM,22,SIN MING RD,10 TO 12,Adjoined flat,1973,53 years 01 month,473000,,,,,,,,
2019-09,BISHAN,EXECUTIVE,134,BISHAN ST 12,07 TO 09,Maisonette,1986,66 years 02 months,840000,,,,,,,,
2019-09,BISHAN,EXECUTIVE,187,BISHAN ST 13,01 TO 03,Maisonette,1987,66 years 05 months,838888,,,,,,,,
2019-09,BISHAN,EXECUTIVE,261,BISHAN ST 22,10 TO 12,Maisonette,1992,71 years 10 months,830000,,,,,,,,
2019-09,BISHAN,EXECUTIVE,218,BISHAN ST 23,01 TO 03,Maisonette,1992,71 years 07 months,800000,,,,,,,,
2019-09,BISHAN,EXECUTIVE,301,SHUNFU RD,07 TO 09,Maisonette,1985,64 years 10 months,1040000,,,,,,,,
2019-10,BISHAN,3 ROOM,307,SHUNFU RD,07 TO 09,New Generation,1985,64 years 06 months,405000,,,,,,,,
2019-10,BISHAN,3 ROOM,309,SHUNFU RD,07 TO 09,New Generation,1984,64 years 01 month,385000,,,,,,,,
2019-10,BISHAN,3 ROOM,403,SIN MING AVE,10 TO 12,Simplified,1986,65 years 10 months,390000,,,,,,,,
2019-10,BISHAN,4 ROOM,145,BISHAN ST 11,10 TO 12,Simplified,1987,67 years 01 month,448000,,,,,,,,
2019-10,BISHAN,4 ROOM,131,BISHAN ST 12,10 TO 12,Model A,1986,65 years 04 months,580000,,,,,,,,
2019-10,BISHAN,4 ROOM,115,BISHAN ST 12,01 TO 03,Model A,1986,65 years 04 months,572000,,,,,,,,
2019-10,BISHAN,4 ROOM,107,BISHAN ST 12,07 TO 09,Simplified,1985,65 years 01 month,500000,,,,,,,,
2019-10,BISHAN,4 ROOM,143,BISHAN ST 12,01 TO 03,Model A,1988,67 years 07 months,480000,,,,,,,,
2019-10,BISHAN,4 ROOM,112,BISHAN ST 12,01 TO 03,Model A,1985,64 years 08 months,460000,,,,,,,,
2019-10,BISHAN,4 ROOM,172,BISHAN ST 13,04 TO 06,Simplified,1987,67 years 03 months,458000,,,,,,,,
2019-10,BISHAN,4 ROOM,154,BISHAN ST 13,01 TO 03,Simplified,1987,67 years 03 months,395000,,,,,,,,
2019-10,BISHAN,4 ROOM,262,BISHAN ST 22,07 TO 09,Model A,1992,71 years 10 months,606888,,,,,,,,
2019-10,BISHAN,4 ROOM,243,BISHAN ST 22,19 TO 21,Model A,1992,71 years 10 months,640000,,,,,,,,
2019-10,BISHAN,4 ROOM,256,BISHAN ST 22,01 TO 03,Model A,1992,71 years 10 months,548000,,,,,,,,
2019-10,BISHAN,4 ROOM,263,BISHAN ST 22,07 TO 09,Model A,1992,71 years 10 months,528000,,,,,,,,
2019-10,BISHAN,4 ROOM,248,BISHAN ST 22,07 TO 09,Model A,1992,71 years 10 months,580000,,,,,,,,
2019-10,BISHAN,4 ROOM,249,BISHAN ST 22,04 TO 06,Model A,1992,71 years 10 months,562000,,,,,,,,
2019-10,BISHAN,4 ROOM,260,BISHAN ST 22,07 TO 09,Model A,1992,71 years 09 months,568000,,,,,,,,
2019-10,BISHAN,4 ROOM,255,BISHAN ST 22,16 TO 18,Model A,1992,71 years 10 months,602000,,,,,,,,
2019-10,BISHAN,4 ROOM,206,BISHAN ST 23,01 TO 03,Model A,1992,71 years 08 months,520000,,,,,,,,
2019-10,BISHAN,4 ROOM,230,BISHAN ST 23,01 TO 03,Model A,1992,71 years 07 months,566000,,,,,,,,
2019-10,BISHAN,4 ROOM,226,BISHAN ST 23,01 TO 03,Model A,1992,71 years 07 months,560000,,,,,,,,
2019-10,BISHAN,4 ROOM,228,BISHAN ST 23,07 TO 09,Model A,1992,71 years 07 months,570000,,,,,,,,
2019-10,BISHAN,4 ROOM,268,BISHAN ST 24,01 TO 03,Model A,1992,71 years 10 months,480000,,,,,,,,
2019-10,BISHAN,4 ROOM,307,SHUNFU RD,04 TO 06,New Generation,1985,64 years 06 months,535888,,,,,,,,
2019-10,BISHAN,4 ROOM,313,SHUNFU RD,04 TO 06,New Generation,1985,64 years 08 months,514000,,,,,,,,
2019-10,BISHAN,4 ROOM,403,SIN MING AVE,10 TO 12,Simplified,1986,65 years 10 months,530000,,,,,,,,
2019-10,BISHAN,4 ROOM,25,SIN MING RD,04 TO 06,Improved,1974,53 years 09 months,328000,,,,,,,,
2019-10,BISHAN,5 ROOM,102,BISHAN ST 12,13 TO 15,Improved,1987,66 years 03 months,748000,,,,,,,,
2019-10,BISHAN,5 ROOM,128,BISHAN ST 12,19 TO 21,Improved,1987,66 years 04 months,765000,,,,,,,,
2019-10,BISHAN,5 ROOM,170,BISHAN ST 13,07 TO 09,Improved,1987,66 years 11 months,698000,,,,,,,,
2019-10,BISHAN,5 ROOM,161,BISHAN ST 13,04 TO 06,Improved,1988,67 years 09 months,690000,,,,,,,,
2019-10,BISHAN,5 ROOM,255,BISHAN ST 22,10 TO 12,Model A,1992,71 years 10 months,750000,,,,,,,,
2019-10,BISHAN,5 ROOM,293,BISHAN ST 22,16 TO 18,Premium Apartment,1998,77 years 08 months,821888,,,,,,,,
2019-10,BISHAN,5 ROOM,242,BISHAN ST 22,04 TO 06,Model A,1992,71 years 10 months,865000,,,,,,,,
2019-10,BISHAN,5 ROOM,207,BISHAN ST 23,16 TO 18,Model A,1992,71 years 07 months,795000,,,,,,,,
2019-10,BISHAN,5 ROOM,450,SIN MING AVE,19 TO 21,Improved,1989,69 years 02 months,780000,,,,,,,,
2019-10,BISHAN,5 ROOM,445,SIN MING AVE,07 TO 09,Improved,1990,69 years 03 months,680000,,,,,,,,
2019-10,BISHAN,MULTI-GENERATION,137,BISHAN ST 12,01 TO 03,Multi Generation,1987,66 years 08 months,905000,,,,,,,,
2019-11,BISHAN,3 ROOM,121,BISHAN ST 12,01 TO 03,Simplified,1986,65 years 08 months,375000,,,,,,,,
2019-11,BISHAN,3 ROOM,306,SHUNFU RD,01 TO 03,New Generation,1985,64 years 02 months,380000,,,,,,,,
2019-11,BISHAN,3 ROOM,24,SIN MING RD,10 TO 12,Improved,1973,53 years,270000,,,,,,,,
2019-11,BISHAN,3 ROOM,22,SIN MING RD,07 TO 09,Improved,1973,52 years 11 months,265000,,,,,,,,
2019-11,BISHAN,4 ROOM,506,BISHAN ST 11,07 TO 09,Model A,1989,68 years 10 months,723000,,,,,,,,
2019-11,BISHAN,4 ROOM,145,BISHAN ST 11,10 TO 12,Simplified,1987,67 years,450000,,,,,,,,
2019-11,BISHAN,4 ROOM,113,BISHAN ST 12,01 TO 03,Simplified,1986,65 years 02 months,445000,,,,,,,,
2019-11,BISHAN,4 ROOM,114,BISHAN ST 12,04 TO 06,Simplified,1986,65 years 02 months,475000,,,,,,,,
2019-11,BISHAN,4 ROOM,175,BISHAN ST 13,04 TO 06,Model A,1987,66 years 10 months,475000,,,,,,,,
2019-11,BISHAN,4 ROOM,181,BISHAN ST 13,10 TO 12,Simplified,1987,66 years 03 months,540000,,,,,,,,
2019-11,BISHAN,4 ROOM,172,BISHAN ST 13,04 TO 06,Simplified,1987,67 years 01 month,448000,,,,,,,,
2019-11,BISHAN,4 ROOM,236,BISHAN ST 22,01 TO 03,Model A,1992,71 years 06 months,488000,,,,,,,,
2019-11,BISHAN,4 ROOM,263,BISHAN ST 22,01 TO 03,Model A,1992,71 years 09 months,590000,,,,,,,,
2019-11,BISHAN,4 ROOM,239,BISHAN ST 22,10 TO 12,Model A,1992,71 years 09 months,590000,,,,,,,,
2019-11,BISHAN,4 ROOM,234,BISHAN ST 22,10 TO 12,Model A,1992,71 years 05 months,595000,,,,,,,,
2019-11,BISHAN,4 ROOM,260,BISHAN ST 22,07 TO 09,Model A,1992,71 years 08 months,558000,,,,,,,,
2019-11,BISHAN,4 ROOM,204,BISHAN ST 23,10 TO 12,Model A,1992,71 years 06 months,620000,,,,,,,,
2019-11,BISHAN,4 ROOM,207,BISHAN ST 23,01 TO 03,Model A,1992,71 years 06 months,570000,,,,,,,,
2019-11,BISHAN,4 ROOM,290,BISHAN ST 24,19 TO 21,Premium Apartment,1998,77 years 07 months,693000,,,,,,,,
2019-11,BISHAN,4 ROOM,267,BISHAN ST 24,10 TO 12,Model A,1992,71 years 09 months,560000,,,,,,,,
2019-11,BISHAN,4 ROOM,272,BISHAN ST 24,10 TO 12,Model A,1992,71 years 09 months,460000,,,,,,,,
2019-11,BISHAN,4 ROOM,455,SIN MING AVE,04 TO 06,Model A,1990,69 years 03 months,562000,,,,,,,,
2019-11,BISHAN,5 ROOM,140,BISHAN ST 12,04 TO 06,Improved,1988,67 years 10 months,648888,,,,,,,,
2019-11,BISHAN,5 ROOM,138,BISHAN ST 12,04 TO 06,Improved,1987,66 years 08 months,675000,,,,,,,,
2019-11,BISHAN,5 ROOM,157,BISHAN ST 13,19 TO 21,Improved,1988,67 years 03 months,800000,,,,,,,,
2019-11,BISHAN,5 ROOM,165,BISHAN ST 13,13 TO 15,Improved,1988,67 years 11 months,755000,,,,,,,,
2019-11,BISHAN,5 ROOM,164,BISHAN ST 13,01 TO 03,Improved,1988,67 years 08 months,705000,,,,,,,,
2019-11,BISHAN,5 ROOM,181,BISHAN ST 13,07 TO 09,Improved,1987,66 years 03 months,720000,,,,,,,,
2019-11,BISHAN,5 ROOM,154,BISHAN ST 13,04 TO 06,Improved,1987,67 years 01 month,690000,,,,,,,,
2019-11,BISHAN,5 ROOM,221,BISHAN ST 23,04 TO 06,Improved,1992,71 years 09 months,820000,,,,,,,,
2019-11,BISHAN,5 ROOM,275A,BISHAN ST 24,07 TO 09,DBSS,2011,90 years 09 months,988000,,,,,,,,
2019-11,BISHAN,5 ROOM,448,BRIGHT HILL DR,07 TO 09,Improved,1990,69 years 05 months,698000,,,,,,,,
2019-11,BISHAN,EXECUTIVE,186,BISHAN ST 13,10 TO 12,Maisonette,1987,66 years 09 months,925000,,,,,,,,
2019-11,BISHAN,EXECUTIVE,174,BISHAN ST 13,01 TO 03,Maisonette,1986,66 years,802888,,,,,,,,
2019-11,BISHAN,EXECUTIVE,201,BISHAN ST 23,04 TO 06,Maisonette,1992,71 years 06 months,880000,,,,,,,,
2019-11,BISHAN,MULTI-GENERATION,137,BISHAN ST 12,10 TO 12,Multi Generation,1987,66 years 07 months,988888,,,,,,,,
2019-12,BISHAN,3 ROOM,171,BISHAN ST 13,04 TO 06,Simplified,1988,67 years 01 month,381800,,,,,,,,
2019-12,BISHAN,3 ROOM,24,SIN MING RD,07 TO 09,Improved,1973,52 years 10 months,257000,,,,,,,,
2019-12,BISHAN,4 ROOM,149,BISHAN ST 11,04 TO 06,Simplified,1987,66 years 01 month,415000,,,,,,,,
2019-12,BISHAN,4 ROOM,113,BISHAN ST 12,07 TO 09,Model A,1986,65 years 01 month,650000,,,,,,,,
2019-12,BISHAN,4 ROOM,115,BISHAN ST 12,04 TO 06,Model A,1986,65 years 01 month,630000,,,,,,,,
2019-12,BISHAN,4 ROOM,130,BISHAN ST 12,07 TO 09,Simplified,1986,65 years 02 months,460000,,,,,,,,
2019-12,BISHAN,4 ROOM,113,BISHAN ST 12,04 TO 06,Model A,1986,65 years 01 month,615000,,,,,,,,
2019-12,BISHAN,4 ROOM,114,BISHAN ST 12,07 TO 09,Simplified,1986,65 years 01 month,518000,,,,,,,,
2019-12,BISHAN,4 ROOM,196,BISHAN ST 13,01 TO 03,Simplified,1987,66 years 02 months,450000,,,,,,,,
2019-12,BISHAN,4 ROOM,175,BISHAN ST 13,01 TO 03,Simplified,1987,66 years 09 months,502000,,,,,,,,
2019-12,BISHAN,4 ROOM,255,BISHAN ST 22,13 TO 15,Model A,1992,71 years 08 months,588000,,,,,,,,
2019-12,BISHAN,4 ROOM,254,BISHAN ST 22,10 TO 12,Model A,1992,71 years 08 months,600000,,,,,,,,
2019-12,BISHAN,4 ROOM,249,BISHAN ST 22,04 TO 06,Model A,1992,71 years 08 months,585000,,,,,,,,
2019-12,BISHAN,4 ROOM,232,BISHAN ST 22,01 TO 03,Model A,1992,71 years 05 months,503000,,,,,,,,
2019-12,BISHAN,4 ROOM,260,BISHAN ST 22,13 TO 15,Model A,1992,71 years 08 months,608000,,,,,,,,
2019-12,BISHAN,4 ROOM,234,BISHAN ST 22,04 TO 06,Model A,1992,71 years 04 months,560000,,,,,,,,
2019-12,BISHAN,4 ROOM,292,BISHAN ST 22,04 TO 06,Premium Apartment,1998,77 years 06 months,580000,,,,,,,,
2019-12,BISHAN,4 ROOM,285,BISHAN ST 22,04 TO 06,Model A,1992,71 years 08 months,630000,,,,,,,,
2019-12,BISHAN,4 ROOM,275A,BISHAN ST 24,40 TO 42,DBSS,2011,90 years 09 months,980000,,,,,,,,
2019-12,BISHAN,4 ROOM,264,BISHAN ST 24,01 TO 03,Model A,1992,71 years 08 months,540000,,,,,,,,
2019-12,BISHAN,4 ROOM,313,SHUNFU RD,04 TO 06,New Generation,1985,64 years 07 months,500000,,,,,,,,
2019-12,BISHAN,4 ROOM,313,SHUNFU RD,07 TO 09,New Generation,1985,64 years 07 months,528000,,,,,,,,
2019-12,BISHAN,4 ROOM,455,SIN MING AVE,10 TO 12,Model A,1990,69 years 02 months,560000,,,,,,,,
2019-12,BISHAN,4 ROOM,25,SIN MING RD,10 TO 12,Improved,1974,53 years 07 months,380000,,,,,,,,
2019-12,BISHAN,5 ROOM,128,BISHAN ST 12,19 TO 21,Improved,1987,66 years 03 months,765000,,,,,,,,
2019-12,BISHAN,5 ROOM,117,BISHAN ST 12,04 TO 06,Improved,1987,66 years 07 months,700000,,,,,,,,
2019-12,BISHAN,5 ROOM,125,BISHAN ST 12,07 TO 09,Improved,1987,66 years 06 months,665000,,,,,,,,
2019-12,BISHAN,5 ROOM,190,BISHAN ST 13,16 TO 18,Improved,1987,66 years 01 month,670000,,,,,,,,
2019-12,BISHAN,5 ROOM,167,BISHAN ST 13,07 TO 09,Improved,1988,67 years 09 months,658000,,,,,,,,
2019-12,BISHAN,5 ROOM,161,BISHAN ST 13,16 TO 18,Improved,1988,67 years 07 months,788000,,,,,,,,
2019-12,BISHAN,5 ROOM,291,BISHAN ST 24,19 TO 21,Premium Apartment,1998,77 years 06 months,760000,,,,,,,,
2019-12,BISHAN,5 ROOM,310,SHUNFU RD,10 TO 12,Improved,1984,64 years,728888,,,,,,,,
2019-12,BISHAN,EXECUTIVE,201,BISHAN ST 23,07 TO 09,Maisonette,1992,71 years 05 months,890000,,,,,,,,
2019-12,BISHAN,EXECUTIVE,444,SIN MING AVE,22 TO 24,Maisonette,1990,69 years 02 months,1010000,,,,,,,,
2020-01,BISHAN,3 ROOM,115,BISHAN ST 12,04 TO 06,Simplified,1986,65 years,387000,,,,,,,,
2020-01,BISHAN,3 ROOM,195,BISHAN ST 13,01 TO 03,Simplified,1988,67 years,328000,,,,,,,,
2020-01,BISHAN,3 ROOM,313,SHUNFU RD,01 TO 03,New Generation,1985,64 years 05 months,373000,,,,,,,,
2020-01,BISHAN,4 ROOM,150A,BISHAN ST 11,01 TO 03,Simplified,1989,68 years,392000,,,,,,,,
2020-01,BISHAN,4 ROOM,151,BISHAN ST 11,04 TO 06,Simplified,1989,68 years 02 months,420000,,,,,,,,
2020-01,BISHAN,4 ROOM,112,BISHAN ST 12,04 TO 06,Simplified,1985,64 years 05 months,480000,,,,,,,,
2020-01,BISHAN,4 ROOM,112,BISHAN ST 12,04 TO 06,Simplified,1985,64 years 06 months,510000,,,,,,,,
2020-01,BISHAN,4 ROOM,127,BISHAN ST 12,07 TO 09,Simplified,1986,65 years 11 months,472000,,,,,,,,
2020-01,BISHAN,4 ROOM,144,BISHAN ST 12,07 TO 09,Model A,1988,67 years 07 months,480000,,,,,,,,
2020-01,BISHAN,4 ROOM,141,BISHAN ST 12,07 TO 09,Simplified,1988,67 years 07 months,440000,,,,,,,,
2020-01,BISHAN,4 ROOM,122,BISHAN ST 12,07 TO 09,Simplified,1986,65 years 01 month,510000,,,,,,,,
2020-01,BISHAN,4 ROOM,115,BISHAN ST 12,01 TO 03,Model A,1986,65 years,590000,,,,,,,,
2020-01,BISHAN,4 ROOM,195,BISHAN ST 13,04 TO 06,Simplified,1988,67 years 01 month,445000,,,,,,,,
2020-01,BISHAN,4 ROOM,253,BISHAN ST 22,01 TO 03,Model A,1992,71 years 07 months,555000,,,,,,,,
2020-01,BISHAN,4 ROOM,236,BISHAN ST 22,04 TO 06,Model A,1992,71 years 04 months,508000,,,,,,,,
2020-01,BISHAN,4 ROOM,235,BISHAN ST 22,10 TO 12,Model A,1992,71 years 03 months,600000,,,,,,,,
2020-01,BISHAN,4 ROOM,285,BISHAN ST 22,13 TO 15,Model A,1992,71 years 06 months,670000,,,,,,,,
2020-01,BISHAN,4 ROOM,226,BISHAN ST 23,07 TO 09,Model A,1992,71 years 03 months,555000,,,,,,,,
2020-01,BISHAN,4 ROOM,214,BISHAN ST 23,04 TO 06,Model A,1992,71 years 03 months,485000,,,,,,,,
2020-01,BISHAN,4 ROOM,273A,BISHAN ST 24,28 TO 30,DBSS,2011,90 years 08 months,888888,,,,,,,,
2020-01,BISHAN,5 ROOM,103,BISHAN ST 12,04 TO 06,Improved,1986,65 years 10 months,690000,,,,,,,,
2020-01,BISHAN,5 ROOM,124,BISHAN ST 12,01 TO 03,Improved,1987,66 years 05 months,650000,,,,,,,,
2020-01,BISHAN,5 ROOM,101,BISHAN ST 12,01 TO 03,Improved,1987,66 years,672000,,,,,,,,
2020-01,BISHAN,5 ROOM,155,BISHAN ST 13,13 TO 15,Improved,1987,66 years 11 months,707000,,,,,,,,
2020-01,BISHAN,5 ROOM,165,BISHAN ST 13,13 TO 15,Improved,1988,67 years 08 months,640000,,,,,,,,
2020-01,BISHAN,5 ROOM,155,BISHAN ST 13,10 TO 12,Improved,1987,66 years 10 months,780000,,,,,,,,
2020-01,BISHAN,5 ROOM,166,BISHAN ST 13,01 TO 03,Improved,1987,66 years 11 months,685000,,,,,,,,
2020-01,BISHAN,5 ROOM,226,BISHAN ST 23,10 TO 12,Model A,1992,71 years 04 months,800000,,,,,,,,
2020-01,BISHAN,5 ROOM,214,BISHAN ST 23,04 TO 06,Model A,1992,71 years 03 months,698000,,,,,,,,
2020-01,BISHAN,5 ROOM,291,BISHAN ST 24,07 TO 09,Premium Apartment,1998,77 years 05 months,690000,,,,,,,,
2020-01,BISHAN,5 ROOM,273A,BISHAN ST 24,13 TO 15,DBSS,2011,90 years 07 months,860000,,,,,,,,
2020-01,BISHAN,5 ROOM,443,SIN MING AVE,04 TO 06,Improved,1990,69 years 01 month,690000,,,,,,,,
2020-01,BISHAN,5 ROOM,450,SIN MING AVE,10 TO 12,Improved,1989,69 years,700000,,,,,,,,
2020-01,BISHAN,5 ROOM,444,SIN MING AVE,10 TO 12,Improved,1990,69 years 01 month,690000,,,,,,,,
2020-01,BISHAN,EXECUTIVE,134,BISHAN ST 12,01 TO 03,Apartment,1986,65 years 10 months,780000,,,,,,,,
2020-01,BISHAN,EXECUTIVE,187,BISHAN ST 13,04 TO 06,Maisonette,1987,66 years 01 month,940000,,,,,,,,
2020-01,BISHAN,EXECUTIVE,187,BISHAN ST 13,01 TO 03,Apartment,1987,66 years 01 month,850000,,,,,,,,
2020-01,BISHAN,EXECUTIVE,261,BISHAN ST 22,04 TO 06,Maisonette,1992,71 years 07 months,880000,,,,,,,,
2020-01,BISHAN,EXECUTIVE,238,BISHAN ST 22,04 TO 06,Maisonette,1992,71 years 06 months,815000,,,,,,,,
2020-01,BISHAN,EXECUTIVE,212,BISHAN ST 23,04 TO 06,Maisonette,1992,71 years 03 months,913000,,,,,,,,
2020-02,BISHAN,3 ROOM,176,BISHAN ST 13,04 TO 06,Simplified,1988,67 years 02 months,380000,,,,,,,,
2020-02,BISHAN,4 ROOM,122,BISHAN ST 12,07 TO 09,Model A,1986,65 years,592500,,,,,,,,
2020-02,BISHAN,4 ROOM,111,BISHAN ST 12,07 TO 09,Model A,1986,64 years 11 months,640000,,,,,,,,
2020-02,BISHAN,4 ROOM,111,BISHAN ST 12,04 TO 06,Simplified,1986,64 years 11 months,450000,,,,,,,,
2020-02,BISHAN,4 ROOM,130,BISHAN ST 12,01 TO 03,Model A,1986,65 years,550000,,,,,,,,
2020-02,BISHAN,4 ROOM,185,BISHAN ST 13,07 TO 09,Simplified,1988,67 years 02 months,572500,,,,,,,,
2020-02,BISHAN,4 ROOM,255,BISHAN ST 22,04 TO 06,Model A,1992,71 years 06 months,590000,,,,,,,,
2020-02,BISHAN,4 ROOM,243,BISHAN ST 22,19 TO 21,Model A,1992,71 years 06 months,680000,,,,,,,,
2020-02,BISHAN,4 ROOM,250,BISHAN ST 22,10 TO 12,Model A,1992,71 years 05 months,550000,,,,,,,,
2020-02,BISHAN,4 ROOM,235,BISHAN ST 22,01 TO 03,Model A,1992,71 years 02 months,550000,,,,,,,,
2020-02,BISHAN,4 ROOM,226,BISHAN ST 23,04 TO 06,Model A,1992,71 years 03 months,468000,,,,,,,,
2020-02,BISHAN,4 ROOM,287,BISHAN ST 24,01 TO 03,Model A,1992,71 years 06 months,475000,,,,,,,,
2020-02,BISHAN,4 ROOM,288,BISHAN ST 24,10 TO 12,Premium Apartment,1998,77 years 04 months,615000,,,,,,,,
2020-02,BISHAN,4 ROOM,272,BISHAN ST 24,10 TO 12,Model A,1992,71 years 05 months,510000,,,,,,,,
2020-02,BISHAN,4 ROOM,445,SIN MING AVE,04 TO 06,Model A,1990,68 years 11 months,542000,,,,,,,,
2020-02,BISHAN,5 ROOM,127,BISHAN ST 12,10 TO 12,Improved,1986,65 years 10 months,683000,,,,,,,,
2020-02,BISHAN,5 ROOM,155,BISHAN ST 13,01 TO 03,Improved,1987,66 years 09 months,610000,,,,,,,,
2020-02,BISHAN,5 ROOM,190,BISHAN ST 13,04 TO 06,Improved,1987,65 years 11 months,755000,,,,,,,,
2020-02,BISHAN,5 ROOM,194,BISHAN ST 13,19 TO 21,Improved,1987,66 years 03 months,850000,,,,,,,,
2020-02,BISHAN,5 ROOM,157,BISHAN ST 13,13 TO 15,Improved,1988,66 years 11 months,705000,,,,,,,,
2020-02,BISHAN,5 ROOM,163,BISHAN ST 13,01 TO 03,Improved,1988,67 years 05 months,658888,,,,,,,,
2020-02,BISHAN,5 ROOM,223,BISHAN ST 23,04 TO 06,Improved,1992,71 years 05 months,845000,,,,,,,,
2020-02,BISHAN,5 ROOM,288,BISHAN ST 24,13 TO 15,Premium Apartment,1998,77 years 04 months,735000,,,,,,,,
2020-02,BISHAN,5 ROOM,405,SIN MING AVE,07 TO 09,Improved,1986,65 years 05 months,625000,,,,,,,,
2020-02,BISHAN,5 ROOM,408,SIN MING AVE,04 TO 06,Improved,1986,65 years 04 months,640000,,,,,,,,
2020-02,BISHAN,EXECUTIVE,212,BISHAN ST 23,01 TO 03,Maisonette,1992,71 years 03 months,858000,,,,,,,,
2020-02,BISHAN,EXECUTIVE,401,SIN MING AVE,01 TO 03,Maisonette,1985,64 years 09 months,845000,,,,,,,,
2020-03,BISHAN,3 ROOM,108,BISHAN ST 12,01 TO 03,Simplified,1985,64 years 07 months,325000,,,,,,,,
2020-03,BISHAN,3 ROOM,313,SHUNFU RD,10 TO 12,New Generation,1985,64 years 03 months,399000,,,,,,,,
2020-03,BISHAN,3 ROOM,304,SHUNFU RD,01 TO 03,New Generation,1985,64 years,400000,,,,,,,,
2020-03,BISHAN,3 ROOM,22,SIN MING RD,04 TO 06,Improved,1973,52 years 07 months,210000,,,,,,,,
2020-03,BISHAN,4 ROOM,506,BISHAN ST 11,04 TO 06,Model A,1989,68 years 06 months,715000,,,,,,,,
2020-03,BISHAN,4 ROOM,146,BISHAN ST 11,04 TO 06,Model A,1987,66 years 05 months,480000,,,,,,,,
2020-03,BISHAN,4 ROOM,120,BISHAN ST 12,04 TO 06,Simplified,1986,65 years 02 months,490000,,,,,,,,
2020-03,BISHAN,4 ROOM,138,BISHAN ST 12,07 TO 09,Simplified,1987,66 years 04 months,460000,,,,,,,,
2020-03,BISHAN,4 ROOM,197,BISHAN ST 13,07 TO 09,Simplified,1987,65 years 10 months,500000,,,,,,,,
2020-03,BISHAN,4 ROOM,167,BISHAN ST 13,01 TO 03,Simplified,1988,67 years 06 months,390000,,,,,,,,
2020-03,BISHAN,4 ROOM,167,BISHAN ST 13,04 TO 06,Simplified,1988,67 years 06 months,395000,,,,,,,,
2020-03,BISHAN,4 ROOM,235,BISHAN ST 22,01 TO 03,Model A,1992,71 years 02 months,570000,,,,,,,,
2020-03,BISHAN,4 ROOM,263,BISHAN ST 22,01 TO 03,Model A,1992,71 years 06 months,502888,,,,,,,,
2020-03,BISHAN,4 ROOM,249,BISHAN ST 22,01 TO 03,Model A,1992,71 years 05 months,490000,,,,,,,,
2020-03,BISHAN,4 ROOM,252,BISHAN ST 22,07 TO 09,Model A,1992,71 years 05 months,618000,,,,,,,,
2020-03,BISHAN,4 ROOM,236,BISHAN ST 22,07 TO 09,Model A,1992,71 years 02 months,580000,,,,,,,,
2020-03,BISHAN,4 ROOM,250,BISHAN ST 22,04 TO 06,Model A,1992,71 years 05 months,500000,,,,,,,,
2020-03,BISHAN,4 ROOM,255,BISHAN ST 22,10 TO 12,Model A,1992,71 years 05 months,518000,,,,,,,,
2020-03,BISHAN,4 ROOM,223,BISHAN ST 23,04 TO 06,Model A,1992,71 years 04 months,582888,,,,,,,,
2020-03,BISHAN,4 ROOM,286,BISHAN ST 24,01 TO 03,Model A,1992,71 years 05 months,450000,,,,,,,,
2020-03,BISHAN,4 ROOM,271,BISHAN ST 24,01 TO 03,Model A,1992,71 years 05 months,511000,,,,,,,,
2020-03,BISHAN,4 ROOM,290,BISHAN ST 24,04 TO 06,Premium Apartment,1998,77 years 03 months,600000,,,,,,,,
2020-03,BISHAN,4 ROOM,273A,BISHAN ST 24,16 TO 18,DBSS,2011,90 years 06 months,860000,,,,,,,,
2020-03,BISHAN,4 ROOM,268,BISHAN ST 24,04 TO 06,Model A,1992,71 years 05 months,580000,,,,,,,,
2020-03,BISHAN,4 ROOM,272,BISHAN ST 24,07 TO 09,Model A,1992,71 years 05 months,565000,,,,,,,,
2020-03,BISHAN,4 ROOM,406,SIN MING AVE,13 TO 15,Simplified,1987,66 years 01 month,550000,,,,,,,,
2020-03,BISHAN,4 ROOM,454,SIN MING AVE,04 TO 06,Model A,1989,68 years 08 months,525000,,,,,,,,
2020-03,BISHAN,5 ROOM,506,BISHAN ST 11,04 TO 06,Improved,1989,68 years 06 months,800000,,,,,,,,
2020-03,BISHAN,5 ROOM,124,BISHAN ST 12,01 TO 03,Improved,1987,66 years 03 months,680000,,,,,,,,
2020-03,BISHAN,5 ROOM,158,BISHAN ST 13,13 TO 15,Improved,1988,67 years,745000,,,,,,,,
2020-03,BISHAN,5 ROOM,177,BISHAN ST 13,04 TO 06,Improved,1987,66 years 05 months,665000,,,,,,,,
2020-03,BISHAN,5 ROOM,246,BISHAN ST 22,04 TO 06,Model A,1992,71 years 05 months,775000,,,,,,,,
2020-03,BISHAN,5 ROOM,221,BISHAN ST 23,07 TO 09,Improved,1992,71 years 04 months,860000,,,,,,,,
2020-03,BISHAN,5 ROOM,273B,BISHAN ST 24,19 TO 21,DBSS,2011,90 years 06 months,1082000,,,,,,,,
2020-03,BISHAN,5 ROOM,273B,BISHAN ST 24,04 TO 06,DBSS,2011,90 years 05 months,825000,,,,,,,,
2020-03,BISHAN,5 ROOM,290,BISHAN ST 24,19 TO 21,Premium Apartment,1998,77 years 03 months,740000,,,,,,,,
2020-03,BISHAN,5 ROOM,453,SIN MING AVE,10 TO 12,Improved,1990,69 years,645000,,,,,,,,
2020-03,BISHAN,5 ROOM,450,SIN MING AVE,10 TO 12,Improved,1989,68 years 09 months,600000,,,,,,,,
2020-03,BISHAN,5 ROOM,402,SIN MING AVE,04 TO 06,Improved,1986,64 years 10 months,652000,,,,,,,,
2020-03,BISHAN,EXECUTIVE,218,BISHAN ST 23,01 TO 03,Maisonette,1992,71 years 01 month,805000,,,,,,,,
2020-04,BISHAN,3 ROOM,407,SIN MING AVE,10 TO 12,Simplified,1986,65 years 05 months,380000,,,,,,,,
2020-04,BISHAN,4 ROOM,225,BISHAN ST 23,10 TO 12,Model A,1992,71 years 04 months,595000,,,,,,,,
2020-04,BISHAN,4 ROOM,223,BISHAN ST 23,07 TO 09,Model A,1992,71 years 04 months,520000,,,,,,,,
2020-04,BISHAN,4 ROOM,273B,BISHAN ST 24,10 TO 12,DBSS,2011,90 years 05 months,808000,,,,,,,,
2020-04,BISHAN,5 ROOM,156,BISHAN ST 13,13 TO 15,Improved,1988,67 years 06 months,670000,,,,,,,,
2020-04,BISHAN,5 ROOM,194,BISHAN ST 13,07 TO 09,Improved,1987,66 years 02 months,770000,,,,,,,,
2020-04,BISHAN,EXECUTIVE,186,BISHAN ST 13,10 TO 12,Maisonette,1987,66 years 05 months,925000,,,,,,,,
2020-05,BISHAN,4 ROOM,154,BISHAN ST 13,07 TO 09,Simplified,1987,66 years 08 months,425000,,,,,,,,
2020-05,BISHAN,4 ROOM,267,BISHAN ST 24,04 TO 06,Model A,1992,71 years 04 months,555000,,,,,,,,
2020-06,BISHAN,3 ROOM,132,BISHAN ST 12,01 TO 03,Simplified,1987,65 years 08 months,363000,,,,,,,,
2020-06,BISHAN,3 ROOM,110,BISHAN ST 12,07 TO 09,Simplified,1986,64 years 09 months,412800,,,,,,,,
2020-06,BISHAN,3 ROOM,22,SIN MING RD,10 TO 12,Improved,1973,52 years 06 months,216000,,,,,,,,
2020-06,BISHAN,3 ROOM,23,SIN MING RD,10 TO 12,Improved,1973,52 years 05 months,250000,,,,,,,,
2020-06,BISHAN,4 ROOM,139,BISHAN ST 12,01 TO 03,Model A,1988,67 years 04 months,468000,,,,,,,,
2020-06,BISHAN,4 ROOM,142,BISHAN ST 12,04 TO 06,Model A,1988,67 years 05 months,457000,,,,,,,,
2020-06,BISHAN,4 ROOM,140,BISHAN ST 12,04 TO 06,Model A,1988,67 years 04 months,507000,,,,,,,,
2020-06,BISHAN,4 ROOM,138,BISHAN ST 12,07 TO 09,Simplified,1987,66 years 02 months,475000,,,,,,,,
2020-06,BISHAN,4 ROOM,178,BISHAN ST 13,04 TO 06,Model A,1987,66 years 06 months,550000,,,,,,,,
2020-06,BISHAN,4 ROOM,171,BISHAN ST 13,07 TO 09,Simplified,1988,66 years 07 months,480000,,,,,,,,
2020-06,BISHAN,4 ROOM,292,BISHAN ST 22,01 TO 03,Premium Apartment,1998,77 years 02 months,575000,,,,,,,,
2020-06,BISHAN,4 ROOM,259,BISHAN ST 22,04 TO 06,Model A,1992,71 years 04 months,568000,,,,,,,,
2020-06,BISHAN,4 ROOM,263,BISHAN ST 22,10 TO 12,Model A,1992,71 years 03 months,575000,,,,,,,,
2020-06,BISHAN,4 ROOM,254,BISHAN ST 22,13 TO 15,Model A,1992,71 years 03 months,635000,,,,,,,,
2020-06,BISHAN,4 ROOM,233,BISHAN ST 22,07 TO 09,Model A,1992,70 years 11 months,590000,,,,,,,,
2020-06,BISHAN,4 ROOM,217,BISHAN ST 23,04 TO 06,Model A,1992,71 years,510000,,,,,,,,
2020-06,BISHAN,4 ROOM,224,BISHAN ST 23,19 TO 21,Model A,1992,71 years 03 months,638000,,,,,,,,
2020-06,BISHAN,4 ROOM,210,BISHAN ST 23,01 TO 03,Model A,1992,70 years 11 months,475000,,,,,,,,
2020-06,BISHAN,4 ROOM,271,BISHAN ST 24,04 TO 06,Model A,1992,71 years 04 months,555000,,,,,,,,
2020-06,BISHAN,4 ROOM,287,BISHAN ST 24,04 TO 06,Model A,1992,71 years 04 months,510000,,,,,,,,
2020-06,BISHAN,4 ROOM,273A,BISHAN ST 24,07 TO 09,DBSS,2011,90 years 05 months,815000,,,,,,,,
2020-06,BISHAN,4 ROOM,286,BISHAN ST 24,13 TO 15,Model A,1992,71 years 03 months,692888,,,,,,,,
2020-06,BISHAN,4 ROOM,273A,BISHAN ST 24,34 TO 36,DBSS,2011,90 years 03 months,910000,,,,,,,,
2020-06,BISHAN,4 ROOM,446,BRIGHT HILL DR,04 TO 06,Model A,1990,69 years,507000,,,,,,,,
2020-06,BISHAN,4 ROOM,302,SHUNFU RD,01 TO 03,New Generation,1984,63 years 06 months,567500,,,,,,,,
2020-06,BISHAN,4 ROOM,441,SIN MING AVE,04 TO 06,Model A,1990,68 years 11 months,555000,,,,,,,,
2020-06,BISHAN,4 ROOM,407,SIN MING AVE,07 TO 09,Simplified,1986,65 years 03 months,535000,,,,,,,,
2020-06,BISHAN,4 ROOM,406,SIN MING AVE,07 TO 09,Simplified,1987,66 years,473000,,,,,,,,
2020-06,BISHAN,5 ROOM,101,BISHAN ST 12,10 TO 12,Improved,1987,65 years 08 months,723000,,,,,,,,
2020-06,BISHAN,5 ROOM,166,BISHAN ST 13,01 TO 03,Improved,1987,66 years 08 months,590000,,,,,,,,
2020-06,BISHAN,5 ROOM,179,BISHAN ST 13,10 TO 12,Improved,1987,66 years 04 months,833800,,,,,,,,
2020-06,BISHAN,5 ROOM,165,BISHAN ST 13,07 TO 09,Improved,1988,67 years 03 months,678000,,,,,,,,
2020-06,BISHAN,5 ROOM,273A,BISHAN ST 24,19 TO 21,DBSS,2011,90 years 04 months,1070000,,,,,,,,
2020-06,BISHAN,5 ROOM,275A,BISHAN ST 24,07 TO 09,DBSS,2011,90 years 04 months,970000,,,,,,,,
2020-06,BISHAN,5 ROOM,447,BRIGHT HILL DR,16 TO 18,Improved,1990,68 years 08 months,700000,,,,,,,,
2020-06,BISHAN,5 ROOM,402,SIN MING AVE,13 TO 15,Improved,1986,64 years 08 months,690000,,,,,,,,
2020-06,BISHAN,EXECUTIVE,186,BISHAN ST 13,04 TO 06,Maisonette,1987,66 years 04 months,930000,,,,,,,,
2020-06,BISHAN,EXECUTIVE,237,BISHAN ST 22,04 TO 06,Apartment,1992,71 years,870000,,,,,,,,
2020-06,BISHAN,EXECUTIVE,257,BISHAN ST 22,07 TO 09,Apartment,1992,71 years 02 months,740000,,,,,,,,
2020-06,BISHAN,EXECUTIVE,244,BISHAN ST 22,01 TO 03,Maisonette,1992,71 years 02 months,825000,,,,,,,,
2020-06,BISHAN,EXECUTIVE,238,BISHAN ST 22,04 TO 06,Maisonette,1992,71 years 02 months,820000,,,,,,,,
2020-06,BISHAN,EXECUTIVE,231,BISHAN ST 23,04 TO 06,Maisonette,1992,71 years,975000,,,,,,,,
2020-06,BISHAN,EXECUTIVE,278,BISHAN ST 24,19 TO 21,Maisonette,1992,71 years 04 months,880000,,,,,,,,
2020-07,BISHAN,3 ROOM,108,BISHAN ST 12,04 TO 06,Simplified,1985,64 years 03 months,330000,,,,,,,,
2020-07,BISHAN,3 ROOM,306,SHUNFU RD,01 TO 03,New Generation,1985,63 years 06 months,400000,,,,,,,,
2020-07,BISHAN,3 ROOM,407,SIN MING AVE,01 TO 03,Simplified,1986,65 years 01 month,330000,,,,,,,,
2020-07,BISHAN,3 ROOM,22,SIN MING RD,07 TO 09,Improved,1973,52 years 03 months,295000,,,,,,,,
2020-07,BISHAN,3 ROOM,24,SIN MING RD,10 TO 12,Improved,1973,52 years 03 months,264500,,,,,,,,
2020-07,BISHAN,4 ROOM,503,BISHAN ST 11,04 TO 06,Model A,1989,68 years 05 months,680000,,,,,,,,
2020-07,BISHAN,4 ROOM,506,BISHAN ST 11,10 TO 12,Model A,1989,68 years 03 months,610000,,,,,,,,
2020-07,BISHAN,4 ROOM,127,BISHAN ST 12,07 TO 09,Simplified,1986,65 years 06 months,465000,,,,,,,,
2020-07,BISHAN,4 ROOM,124,BISHAN ST 12,07 TO 09,Simplified,1987,65 years 11 months,485000,,,,,,,,
2020-07,BISHAN,4 ROOM,175,BISHAN ST 13,07 TO 09,Simplified,1987,66 years 02 months,475000,,,,,,,,
2020-07,BISHAN,4 ROOM,178,BISHAN ST 13,10 TO 12,Simplified,1987,66 years 03 months,550000,,,,,,,,
2020-07,BISHAN,4 ROOM,181,BISHAN ST 13,10 TO 12,Simplified,1987,65 years 07 months,530000,,,,,,,,
2020-07,BISHAN,4 ROOM,256,BISHAN ST 22,01 TO 03,Model A,1992,71 years 01 month,518000,,,,,,,,
2020-07,BISHAN,4 ROOM,260,BISHAN ST 22,04 TO 06,Model A,1992,70 years 11 months,520000,,,,,,,,
2020-07,BISHAN,5 ROOM,149,BISHAN ST 11,04 TO 06,Improved,1987,65 years 07 months,630000,,,,,,,,
2020-07,BISHAN,5 ROOM,141,BISHAN ST 12,07 TO 09,Improved,1988,67 years 02 months,688000,,,,,,,,
2020-07,BISHAN,5 ROOM,125,BISHAN ST 12,07 TO 09,Improved,1987,66 years,688000,,,,,,,,
2020-07,BISHAN,5 ROOM,165,BISHAN ST 13,01 TO 03,Improved,1988,67 years 03 months,650000,,,,,,,,
2020-07,BISHAN,5 ROOM,196,BISHAN ST 13,04 TO 06,Improved,1987,65 years 06 months,852000,,,,,,,,
2020-07,BISHAN,5 ROOM,156,BISHAN ST 13,04 TO 06,Improved,1988,67 years 02 months,780000,,,,,,,,
2020-07,BISHAN,5 ROOM,158,BISHAN ST 13,04 TO 06,Improved,1988,66 years 07 months,730000,,,,,,,,
2020-07,BISHAN,5 ROOM,196,BISHAN ST 13,04 TO 06,Improved,1987,65 years 06 months,550000,,,,,,,,
2020-07,BISHAN,5 ROOM,242,BISHAN ST 22,01 TO 03,Improved,1992,71 years,875000,,,,,,,,
2020-07,BISHAN,5 ROOM,275A,BISHAN ST 24,28 TO 30,DBSS,2011,90 years 03 months,1060000,,,,,,,,
2020-07,BISHAN,5 ROOM,273B,BISHAN ST 24,13 TO 15,DBSS,2011,90 years 03 months,1050000,,,,,,,,
2020-07,BISHAN,5 ROOM,442,SIN MING AVE,07 TO 09,Improved,1990,68 years 08 months,600000,,,,,,,,
2020-07,BISHAN,EXECUTIVE,119,BISHAN ST 12,10 TO 12,Maisonette,1987,65 years 11 months,930000,,,,,,,,
2020-07,BISHAN,EXECUTIVE,128,BISHAN ST 12,22 TO 24,Maisonette,1987,65 years 07 months,1080000,,,,,,,,
2020-08,BISHAN,3 ROOM,120,BISHAN ST 12,01 TO 03,Simplified,1986,64 years 09 months,365000,,,,,,,,
2020-08,BISHAN,3 ROOM,22,SIN MING RD,07 TO 09,Improved,1973,52 years 02 months,260000,,,,,,,,
2020-08,BISHAN,4 ROOM,113,BISHAN ST 12,04 TO 06,Simplified,1986,64 years 05 months,470000,,,,,,,,
2020-08,BISHAN,4 ROOM,116,BISHAN ST 12,04 TO 06,Simplified,1985,64 years 03 months,530000,,,,,,,,
2020-08,BISHAN,4 ROOM,193,BISHAN ST 13,04 TO 06,Simplified,1987,66 years 05 months,520000,,,,,,,,
2020-08,BISHAN,4 ROOM,184,BISHAN ST 13,04 TO 06,Simplified,1988,66 years 06 months,575300,,,,,,,,
2020-08,BISHAN,4 ROOM,154,BISHAN ST 13,07 TO 09,Simplified,1987,66 years 04 months,418000,,,,,,,,
2020-08,BISHAN,4 ROOM,166,BISHAN ST 13,04 TO 06,Simplified,1987,66 years 04 months,430000,,,,,,,,
2020-08,BISHAN,4 ROOM,250,BISHAN ST 22,01 TO 03,Model A,1992,71 years,520000,,,,,,,,
2020-08,BISHAN,4 ROOM,250,BISHAN ST 22,10 TO 12,Model A,1992,71 years,565000,,,,,,,,
2020-08,BISHAN,4 ROOM,213,BISHAN ST 23,01 TO 03,Model A,1992,70 years 09 months,480000,,,,,,,,
2020-08,BISHAN,4 ROOM,281,BISHAN ST 24,04 TO 06,Model A,1992,71 years,570000,,,,,,,,
2020-08,BISHAN,4 ROOM,265,BISHAN ST 24,04 TO 06,Model A,1992,71 years,610000,,,,,,,,
2020-08,BISHAN,4 ROOM,302,SHUNFU RD,01 TO 03,New Generation,1984,63 years 02 months,558000,,,,,,,,
2020-08,BISHAN,4 ROOM,455,SIN MING AVE,01 TO 03,Model A,1990,68 years 06 months,506000,,,,,,,,
2020-08,BISHAN,5 ROOM,194,BISHAN ST 13,10 TO 12,Improved,1987,65 years 10 months,773000,,,,,,,,
2020-08,BISHAN,5 ROOM,179,BISHAN ST 13,13 TO 15,Improved,1987,66 years,836800,,,,,,,,
2020-08,BISHAN,5 ROOM,157,BISHAN ST 13,19 TO 21,Improved,1988,66 years 05 months,760000,,,,,,,,
2020-08,BISHAN,5 ROOM,165,BISHAN ST 13,04 TO 06,Improved,1988,67 years 01 month,635888,,,,,,,,
2020-08,BISHAN,5 ROOM,293,BISHAN ST 22,10 TO 12,Premium Apartment,1998,76 years 11 months,752000,,,,,,,,
2020-08,BISHAN,5 ROOM,242,BISHAN ST 22,01 TO 03,Improved,1992,71 years,750000,,,,,,,,
2020-08,BISHAN,5 ROOM,292,BISHAN ST 22,07 TO 09,Premium Apartment,1998,76 years 10 months,780000,,,,,,,,
2020-08,BISHAN,5 ROOM,275A,BISHAN ST 24,04 TO 06,DBSS,2011,90 years 01 month,840000,,,,,,,,
2020-08,BISHAN,5 ROOM,273B,BISHAN ST 24,01 TO 03,DBSS,2011,89 years 11 months,830000,,,,,,,,
2020-08,BISHAN,5 ROOM,275A,BISHAN ST 24,22 TO 24,DBSS,2011,90 years,1080000,,,,,,,,
2020-08,BISHAN,5 ROOM,442,SIN MING AVE,16 TO 18,Improved,1990,68 years 07 months,735000,,,,,,,,
2020-08,BISHAN,EXECUTIVE,159,BISHAN ST 13,01 TO 03,Maisonette,1988,66 years 10 months,810000,,,,,,,,
2020-08,BISHAN,EXECUTIVE,238,BISHAN ST 22,07 TO 09,Apartment,1992,71 years,922500,,,,,,,,
2020-08,BISHAN,EXECUTIVE,261,BISHAN ST 22,01 TO 03,Maisonette,1992,71 years,760000,,,,,,,,
2020-08,BISHAN,EXECUTIVE,222,BISHAN ST 23,07 TO 09,Maisonette,1992,71 years,888000,,,,,,,,
2020-08,BISHAN,EXECUTIVE,212,BISHAN ST 23,04 TO 06,Maisonette,1992,70 years 09 months,828000,,,,,,,,
2020-08,BISHAN,EXECUTIVE,449,SIN MING AVE,10 TO 12,Maisonette,1990,68 years 07 months,958000,,,,,,,,
2020-08,BISHAN,EXECUTIVE,401,SIN MING AVE,01 TO 03,Maisonette,1985,64 years 03 months,845000,,,,,,,,
2020-09,BISHAN,3 ROOM,115,BISHAN ST 12,07 TO 09,Simplified,1986,64 years 05 months,415000,,,,,,,,
2020-09,BISHAN,3 ROOM,184,BISHAN ST 13,01 TO 03,Simplified,1988,66 years 05 months,400000,,,,,,,,
2020-09,BISHAN,3 ROOM,306,SHUNFU RD,01 TO 03,New Generation,1985,63 years 05 months,395000,,,,,,,,
2020-09,BISHAN,3 ROOM,22,SIN MING RD,10 TO 12,Improved,1973,52 years 01 month,238000,,,,,,,,
2020-09,BISHAN,3 ROOM,24,SIN MING RD,04 TO 06,Improved,1973,52 years 01 month,256000,,,,,,,,
2020-09,BISHAN,4 ROOM,145,BISHAN ST 11,07 TO 09,Simplified,1987,66 years 02 months,445000,,,,,,,,
2020-09,BISHAN,4 ROOM,116,BISHAN ST 12,01 TO 03,Simplified,1985,64 years 02 months,475000,,,,,,,,
2020-09,BISHAN,4 ROOM,127,BISHAN ST 12,04 TO 06,Simplified,1986,65 years 03 months,488000,,,,,,,,
2020-09,BISHAN,4 ROOM,123,BISHAN ST 12,07 TO 09,Simplified,1986,64 years 05 months,499000,,,,,,,,
2020-09,BISHAN,4 ROOM,155,BISHAN ST 13,01 TO 03,Model A,1987,66 years 02 months,470000,,,,,,,,
2020-09,BISHAN,4 ROOM,256,BISHAN ST 22,07 TO 09,Model A,1992,70 years 11 months,560000,,,,,,,,
2020-09,BISHAN,4 ROOM,262,BISHAN ST 22,10 TO 12,Model A,1992,70 years 11 months,573000,,,,,,,,
2020-09,BISHAN,4 ROOM,236,BISHAN ST 22,04 TO 06,Model A,1992,70 years 08 months,565000,,,,,,,,
2020-09,BISHAN,4 ROOM,241,BISHAN ST 22,04 TO 06,Model A,1992,70 years 11 months,570000,,,,,,,,
2020-09,BISHAN,4 ROOM,234,BISHAN ST 22,07 TO 09,Model A,1992,70 years 08 months,572000,,,,,,,,
2020-09,BISHAN,4 ROOM,220,BISHAN ST 23,04 TO 06,Model A,1992,70 years 11 months,538000,,,,,,,,
2020-09,BISHAN,4 ROOM,268,BISHAN ST 24,16 TO 18,Model A,1992,70 years 11 months,610000,,,,,,,,
2020-09,BISHAN,4 ROOM,273A,BISHAN ST 24,01 TO 03,DBSS,2011,90 years,670000,,,,,,,,
2020-09,BISHAN,4 ROOM,272,BISHAN ST 24,04 TO 06,Model A,1992,71 years,565000,,,,,,,,
2020-09,BISHAN,4 ROOM,291,BISHAN ST 24,04 TO 06,Premium Apartment,1998,76 years 09 months,563000,,,,,,,,
2020-09,BISHAN,4 ROOM,291,BISHAN ST 24,01 TO 03,Premium Apartment,1998,76 years 09 months,450000,,,,,,,,
2020-09,BISHAN,4 ROOM,271,BISHAN ST 24,07 TO 09,Model A,1992,70 years 11 months,560000,,,,,,,,
2020-09,BISHAN,4 ROOM,264,BISHAN ST 24,01 TO 03,Model A,1992,70 years 11 months,435000,,,,,,,,
2020-09,BISHAN,4 ROOM,448,BRIGHT HILL DR,04 TO 06,Model A,1990,68 years 07 months,545000,,,,,,,,
2020-09,BISHAN,4 ROOM,313,SHUNFU RD,04 TO 06,New Generation,1985,63 years 10 months,528000,,,,,,,,
2020-09,BISHAN,4 ROOM,445,SIN MING AVE,07 TO 09,Model A,1990,68 years 05 months,538000,,,,,,,,
2020-09,BISHAN,4 ROOM,449,SIN MING AVE,01 TO 03,Model A,1990,68 years 07 months,532000,,,,,,,,
2020-09,BISHAN,4 ROOM,25,SIN MING RD,04 TO 06,Improved,1974,52 years 11 months,355000,,,,,,,,
2020-09,BISHAN,5 ROOM,126,BISHAN ST 12,07 TO 09,Improved,1987,65 years 10 months,670000,,,,,,,,
2020-09,BISHAN,5 ROOM,142,BISHAN ST 12,04 TO 06,Improved,1988,66 years 11 months,600000,,,,,,,,
2020-09,BISHAN,5 ROOM,127,BISHAN ST 12,01 TO 03,Improved,1986,65 years 03 months,630000,,,,,,,,
2020-09,BISHAN,5 ROOM,124,BISHAN ST 12,04 TO 06,Improved,1987,65 years 09 months,650000,,,,,,,,
2020-09,BISHAN,5 ROOM,190,BISHAN ST 13,16 TO 18,Improved,1987,65 years 05 months,850000,,,,,,,,
2020-09,BISHAN,5 ROOM,165,BISHAN ST 13,07 TO 09,Improved,1988,67 years,708000,,,,,,,,
2020-09,BISHAN,5 ROOM,182,BISHAN ST 13,07 TO 09,Improved,1987,65 years 10 months,780000,,,,,,,,
2020-09,BISHAN,5 ROOM,194,BISHAN ST 13,04 TO 06,Improved,1987,65 years 08 months,750000,,,,,,,,
2020-09,BISHAN,5 ROOM,253,BISHAN ST 22,07 TO 09,Improved,1992,70 years 11 months,785000,,,,,,,,
2020-09,BISHAN,5 ROOM,293,BISHAN ST 22,13 TO 15,Premium Apartment,1998,76 years 09 months,790000,,,,,,,,
2020-09,BISHAN,5 ROOM,210,BISHAN ST 23,10 TO 12,Model A,1992,70 years 08 months,780000,,,,,,,,
2020-09,BISHAN,5 ROOM,290,BISHAN ST 24,25 TO 27,Premium Apartment,1998,76 years 10 months,838000,,,,,,,,
2020-09,BISHAN,5 ROOM,275A,BISHAN ST 24,13 TO 15,DBSS,2011,90 years,965000,,,,,,,,
2020-09,BISHAN,5 ROOM,291,BISHAN ST 24,10 TO 12,Premium Apartment,1998,76 years 09 months,750000,,,,,,,,
2020-09,BISHAN,EXECUTIVE,245,BISHAN ST 22,13 TO 15,Maisonette,1992,70 years 11 months,1044888,,,,,,,,
2020-09,BISHAN,EXECUTIVE,258,BISHAN ST 22,01 TO 03,Maisonette,1992,70 years 11 months,728000,,,,,,,,
2020-09,BISHAN,EXECUTIVE,237,BISHAN ST 22,01 TO 03,Apartment,1992,70 years 07 months,880000,,,,,,,,
2020-09,BISHAN,EXECUTIVE,441,SIN MING AVE,10 TO 12,Maisonette,1990,68 years 05 months,980000,,,,,,,,
2020-10,BISHAN,3 ROOM,132,BISHAN ST 12,01 TO 03,Simplified,1987,65 years 04 months,385000,,,,,,,,
2020-10,BISHAN,3 ROOM,171,BISHAN ST 13,01 TO 03,Simplified,1988,66 years 04 months,390000,,,,,,,,
2020-10,BISHAN,3 ROOM,309,SHUNFU RD,01 TO 03,New Generation,1984,63 years 02 months,380000,,,,,,,,
2020-10,BISHAN,3 ROOM,309,SHUNFU RD,04 TO 06,New Generation,1984,63 years 01 month,377000,,,,,,,,
2020-10,BISHAN,3 ROOM,403,SIN MING AVE,04 TO 06,Simplified,1986,64 years 11 months,371000,,,,,,,,
2020-10,BISHAN,3 ROOM,23,SIN MING RD,10 TO 12,Improved,1973,52 years 01 month,268000,,,,,,,,
2020-10,BISHAN,3 ROOM,23,SIN MING RD,04 TO 06,Improved,1973,52 years 01 month,250000,,,,,,,,
2020-10,BISHAN,3 ROOM,22,SIN MING RD,10 TO 12,Improved,1973,52 years,280000,,,,,,,,
2020-10,BISHAN,4 ROOM,133,BISHAN ST 12,04 TO 06,Simplified,1987,65 years 05 months,430000,,,,,,,,
2020-10,BISHAN,4 ROOM,111,BISHAN ST 12,10 TO 12,Model A,1986,64 years 04 months,638000,,,,,,,,
2020-10,BISHAN,4 ROOM,130,BISHAN ST 12,04 TO 06,Simplified,1986,64 years 04 months,370000,,,,,,,,
2020-10,BISHAN,4 ROOM,170,BISHAN ST 13,01 TO 03,Simplified,1987,66 years,420000,,,,,,,,
2020-10,BISHAN,4 ROOM,182,BISHAN ST 13,01 TO 03,Simplified,1987,65 years 09 months,470000,,,,,,,,
2020-10,BISHAN,4 ROOM,172,BISHAN ST 13,07 TO 09,Simplified,1987,66 years 02 months,465000,,,,,,,,
2020-10,BISHAN,4 ROOM,285,BISHAN ST 22,16 TO 18,Model A,1992,70 years 11 months,681000,,,,,,,,
2020-10,BISHAN,4 ROOM,263,BISHAN ST 22,22 TO 24,Model A,1992,70 years 10 months,688000,,,,,,,,
2020-10,BISHAN,4 ROOM,251,BISHAN ST 22,01 TO 03,Model A,1992,70 years 10 months,475000,,,,,,,,
2020-10,BISHAN,4 ROOM,239,BISHAN ST 22,13 TO 15,Model A,1992,70 years 10 months,585000,,,,,,,,
2020-10,BISHAN,4 ROOM,262,BISHAN ST 22,01 TO 03,Model A,1992,70 years 10 months,490000,,,,,,,,
2020-10,BISHAN,4 ROOM,203,BISHAN ST 23,01 TO 03,Model A,1992,70 years 07 months,560000,,,,,,,,
2020-10,BISHAN,4 ROOM,220,BISHAN ST 23,07 TO 09,Model A,1992,70 years 10 months,638000,,,,,,,,
2020-10,BISHAN,4 ROOM,273A,BISHAN ST 24,28 TO 30,DBSS,2011,89 years 11 months,840000,,,,,,,,
2020-10,BISHAN,4 ROOM,278,BISHAN ST 24,01 TO 03,Model A,1992,70 years 10 months,495000,,,,,,,,
2020-10,BISHAN,4 ROOM,273B,BISHAN ST 24,28 TO 30,DBSS,2011,89 years 11 months,860000,,,,,,,,
2020-10,BISHAN,4 ROOM,275A,BISHAN ST 24,25 TO 27,DBSS,2011,89 years 11 months,883000,,,,,,,,
2020-10,BISHAN,4 ROOM,313,SHUNFU RD,07 TO 09,New Generation,1985,63 years 08 months,580000,,,,,,,,
2020-10,BISHAN,4 ROOM,406,SIN MING AVE,04 TO 06,Simplified,1987,65 years 06 months,500000,,,,,,,,
2020-10,BISHAN,4 ROOM,445,SIN MING AVE,07 TO 09,Model A,1990,68 years 03 months,580000,,,,,,,,
2020-10,BISHAN,5 ROOM,147,BISHAN ST 11,07 TO 09,Improved,1987,65 years 05 months,640000,,,,,,,,
2020-10,BISHAN,5 ROOM,145,BISHAN ST 11,07 TO 09,Improved,1987,66 years,625000,,,,,,,,
2020-10,BISHAN,5 ROOM,142,BISHAN ST 12,10 TO 12,Improved,1988,66 years 11 months,696800,,,,,,,,
2020-10,BISHAN,5 ROOM,128,BISHAN ST 12,13 TO 15,Improved,1987,65 years 05 months,760000,,,,,,,,
2020-10,BISHAN,5 ROOM,142,BISHAN ST 12,04 TO 06,Improved,1988,66 years 10 months,718000,,,,,,,,
2020-10,BISHAN,5 ROOM,101,BISHAN ST 12,19 TO 21,Improved,1987,65 years 03 months,768000,,,,,,,,
2020-10,BISHAN,5 ROOM,102,BISHAN ST 12,04 TO 06,Improved,1987,65 years 03 months,720000,,,,,,,,
2020-10,BISHAN,5 ROOM,140,BISHAN ST 12,04 TO 06,Improved,1988,66 years 10 months,680000,,,,,,,,
2020-10,BISHAN,5 ROOM,103,BISHAN ST 12,22 TO 24,Improved,1986,65 years 01 month,760000,,,,,,,,
2020-10,BISHAN,5 ROOM,165,BISHAN ST 13,19 TO 21,Improved,1988,67 years,745000,,,,,,,,
2020-10,BISHAN,5 ROOM,177,BISHAN ST 13,07 TO 09,Improved,1987,65 years 11 months,690000,,,,,,,,
2020-10,BISHAN,5 ROOM,192,BISHAN ST 13,01 TO 03,Improved,1987,65 years 10 months,680000,,,,,,,,
2020-10,BISHAN,5 ROOM,275A,BISHAN ST 24,28 TO 30,DBSS,2011,89 years 11 months,1208000,,,,,,,,
2020-10,BISHAN,5 ROOM,289,BISHAN ST 24,07 TO 09,Premium Apartment,1998,76 years 09 months,725000,,,,,,,,
2020-10,BISHAN,5 ROOM,402,SIN MING AVE,19 TO 21,Improved,1986,64 years 03 months,750000,,,,,,,,
2020-10,BISHAN,5 ROOM,453,SIN MING AVE,04 TO 06,Improved,1990,68 years 04 months,648000,,,,,,,,
2020-10,BISHAN,EXECUTIVE,173,BISHAN ST 13,19 TO 21,Maisonette,1987,65 years 06 months,1128000,,,,,,,,
2020-10,BISHAN,EXECUTIVE,257,BISHAN ST 22,10 TO 12,Maisonette,1992,70 years 10 months,868000,,,,,,,,
2020-10,BISHAN,EXECUTIVE,245,BISHAN ST 22,07 TO 09,Maisonette,1992,70 years 10 months,900000,,,,,,,,
2020-10,BISHAN,EXECUTIVE,222,BISHAN ST 23,01 TO 03,Maisonette,1992,70 years 10 months,888888,,,,,,,,
2020-10,BISHAN,EXECUTIVE,222,BISHAN ST 23,04 TO 06,Maisonette,1992,70 years 10 months,868000,,,,,,,,
2020-10,BISHAN,EXECUTIVE,301,SHUNFU RD,07 TO 09,Maisonette,1985,63 years 10 months,990000,,,,,,,,
2020-10,BISHAN,MULTI-GENERATION,148,BISHAN ST 11,04 TO 06,Multi Generation,1987,65 years 10 months,940000,,,,,,,,
2020-11,BISHAN,3 ROOM,150A,BISHAN ST 11,01 TO 03,Simplified,1989,67 years 03 months,298000,,,,,,,,
2020-11,BISHAN,3 ROOM,115,BISHAN ST 12,01 TO 03,Simplified,1986,64 years 03 months,369000,,,,,,,,
2020-11,BISHAN,3 ROOM,105,BISHAN ST 12,01 TO 03,Simplified,1985,64 years 02 months,335000,,,,,,,,
2020-11,BISHAN,3 ROOM,129,BISHAN ST 12,01 TO 03,Simplified,1987,65 years 04 months,365000,,,,,,,,
2020-11,BISHAN,3 ROOM,171,BISHAN ST 13,07 TO 09,Simplified,1988,66 years 02 months,400000,,,,,,,,
2020-11,BISHAN,3 ROOM,304,SHUNFU RD,01 TO 03,New Generation,1985,63 years 04 months,370000,,,,,,,,
2020-11,BISHAN,3 ROOM,22,SIN MING RD,10 TO 12,Improved,1973,52 years,275000,,,,,,,,
2020-11,BISHAN,3 ROOM,23,SIN MING RD,07 TO 09,Improved,1973,52 years,265000,,,,,,,,
2020-11,BISHAN,4 ROOM,146,BISHAN ST 11,07 TO 09,Simplified,1987,65 years 10 months,450000,,,,,,,,
2020-11,BISHAN,4 ROOM,113,BISHAN ST 12,10 TO 12,Simplified,1986,64 years 03 months,545000,,,,,,,,
2020-11,BISHAN,4 ROOM,123,BISHAN ST 12,04 TO 06,Simplified,1986,64 years 04 months,458000,,,,,,,,
2020-11,BISHAN,4 ROOM,123,BISHAN ST 12,07 TO 09,Model A,1986,64 years 04 months,525000,,,,,,,,
2020-11,BISHAN,4 ROOM,115,BISHAN ST 12,07 TO 09,Simplified,1986,64 years 03 months,458000,,,,,,,,
2020-11,BISHAN,4 ROOM,122,BISHAN ST 12,10 TO 12,Simplified,1986,64 years 04 months,485000,,,,,,,,
2020-11,BISHAN,4 ROOM,141,BISHAN ST 12,01 TO 03,Simplified,1988,66 years 10 months,418000,,,,,,,,
2020-11,BISHAN,4 ROOM,109,BISHAN ST 12,04 TO 06,Model A,1985,64 years 02 months,600000,,,,,,,,
2020-11,BISHAN,4 ROOM,140,BISHAN ST 12,04 TO 06,Model A,1988,66 years 10 months,582000,,,,,,,,
2020-11,BISHAN,4 ROOM,141,BISHAN ST 12,07 TO 09,Model A,1988,66 years 10 months,515000,,,,,,,,
2020-11,BISHAN,4 ROOM,109,BISHAN ST 12,10 TO 12,Simplified,1985,64 years 01 month,508888,,,,,,,,
2020-11,BISHAN,4 ROOM,130,BISHAN ST 12,04 TO 06,Model A,1986,64 years 04 months,490000,,,,,,,,
2020-11,BISHAN,4 ROOM,114,BISHAN ST 12,07 TO 09,Model A,1986,64 years 02 months,640000,,,,,,,,
2020-11,BISHAN,4 ROOM,109,BISHAN ST 12,10 TO 12,Simplified,1985,64 years 02 months,530000,,,,,,,,
2020-11,BISHAN,4 ROOM,109,BISHAN ST 12,07 TO 09,Simplified,1985,64 years 01 month,508000,,,,,,,,
2020-11,BISHAN,4 ROOM,111,BISHAN ST 12,01 TO 03,Simplified,1986,64 years 03 months,453000,,,,,,,,
2020-11,BISHAN,4 ROOM,167,BISHAN ST 13,01 TO 03,Model A,1988,66 years 11 months,488800,,,,,,,,
2020-11,BISHAN,4 ROOM,167,BISHAN ST 13,07 TO 09,Simplified,1988,66 years 11 months,410000,,,,,,,,
2020-11,BISHAN,4 ROOM,181,BISHAN ST 13,04 TO 06,Simplified,1987,65 years 04 months,537000,,,,,,,,
2020-11,BISHAN,4 ROOM,262,BISHAN ST 22,07 TO 09,Model A,1992,70 years 10 months,520000,,,,,,,,
2020-11,BISHAN,4 ROOM,241,BISHAN ST 22,04 TO 06,Model A,1992,70 years 10 months,660000,,,,,,,,
2020-11,BISHAN,4 ROOM,263,BISHAN ST 22,07 TO 09,Model A,1992,70 years 10 months,512000,,,,,,,,
2020-11,BISHAN,4 ROOM,285,BISHAN ST 22,01 TO 03,Model A,1992,70 years 09 months,468000,,,,,,,,
2020-11,BISHAN,4 ROOM,225,BISHAN ST 23,07 TO 09,Model A,1992,70 years 09 months,592888,,,,,,,,
2020-11,BISHAN,4 ROOM,213,BISHAN ST 23,01 TO 03,Model A,1992,70 years 05 months,582000,,,,,,,,
2020-11,BISHAN,4 ROOM,272,BISHAN ST 24,07 TO 09,Model A,1992,70 years 09 months,588000,,,,,,,,
2020-11,BISHAN,4 ROOM,287,BISHAN ST 24,04 TO 06,Model A,1992,70 years 09 months,517400,,,,,,,,
2020-11,BISHAN,4 ROOM,303,SHUNFU RD,04 TO 06,New Generation,1985,63 years 05 months,550000,,,,,,,,
2020-11,BISHAN,5 ROOM,146,BISHAN ST 11,04 TO 06,Improved,1987,65 years 10 months,645000,,,,,,,,
2020-11,BISHAN,5 ROOM,128,BISHAN ST 12,07 TO 09,Improved,1987,65 years 04 months,735000,,,,,,,,
2020-11,BISHAN,5 ROOM,102,BISHAN ST 12,04 TO 06,Improved,1987,65 years 03 months,690000,,,,,,,,
2020-11,BISHAN,5 ROOM,124,BISHAN ST 12,04 TO 06,Improved,1987,65 years 08 months,662888,,,,,,,,
2020-11,BISHAN,5 ROOM,135,BISHAN ST 12,01 TO 03,Improved,1987,65 years 08 months,633000,,,,,,,,
2020-11,BISHAN,5 ROOM,153,BISHAN ST 13,04 TO 06,Improved,1987,66 years,660000,,,,,,,,
2020-11,BISHAN,5 ROOM,190,BISHAN ST 13,10 TO 12,Improved,1987,65 years 03 months,780000,,,,,,,,
2020-11,BISHAN,5 ROOM,154,BISHAN ST 13,01 TO 03,Improved,1987,66 years 02 months,620000,,,,,,,,
2020-11,BISHAN,5 ROOM,158,BISHAN ST 13,07 TO 09,Improved,1988,66 years 04 months,650000,,,,,,,,
2020-11,BISHAN,5 ROOM,153,BISHAN ST 13,04 TO 06,Improved,1987,66 years,627000,,,,,,,,
2020-11,BISHAN,5 ROOM,153,BISHAN ST 13,07 TO 09,Improved,1987,66 years,705000,,,,,,,,
2020-11,BISHAN,5 ROOM,242,BISHAN ST 22,01 TO 03,Improved,1992,70 years 10 months,733888,,,,,,,,
2020-11,BISHAN,5 ROOM,253,BISHAN ST 22,04 TO 06,Improved,1992,70 years 10 months,765000,,,,,,,,
2020-11,BISHAN,5 ROOM,226,BISHAN ST 23,04 TO 06,Model A,1992,70 years 06 months,715000,,,,,,,,
2020-11,BISHAN,5 ROOM,266,BISHAN ST 24,04 TO 06,Model A,1992,70 years 09 months,680000,,,,,,,,
2020-11,BISHAN,5 ROOM,273B,BISHAN ST 24,31 TO 33,DBSS,2011,89 years 10 months,950000,,,,,,,,
2020-11,BISHAN,5 ROOM,289,BISHAN ST 24,10 TO 12,Premium Apartment,1998,76 years 08 months,805000,,,,,,,,
2020-11,BISHAN,5 ROOM,291,BISHAN ST 24,13 TO 15,Premium Apartment,1998,76 years 07 months,800000,,,,,,,,
2020-11,BISHAN,5 ROOM,312,SHUNFU RD,01 TO 03,Improved,1985,63 years 08 months,678000,,,,,,,,
2020-11,BISHAN,5 ROOM,453,SIN MING AVE,01 TO 03,Improved,1990,68 years 03 months,635000,,,,,,,,
2020-11,BISHAN,EXECUTIVE,134,BISHAN ST 12,01 TO 03,Maisonette,1986,65 years 01 month,780000,,,,,,,,
2020-11,BISHAN,EXECUTIVE,173,BISHAN ST 13,19 TO 21,Maisonette,1987,65 years 06 months,1028000,,,,,,,,
2020-11,BISHAN,EXECUTIVE,238,BISHAN ST 22,01 TO 03,Maisonette,1992,70 years 09 months,820000,,,,,,,,
2020-11,BISHAN,EXECUTIVE,212,BISHAN ST 23,07 TO 09,Maisonette,1992,70 years 07 months,950000,,,,,,,,
2020-12,BISHAN,3 ROOM,105,BISHAN ST 12,01 TO 03,Simplified,1985,64 years 01 month,328000,,,,,,,,
2020-12,BISHAN,3 ROOM,195,BISHAN ST 13,04 TO 06,Simplified,1988,66 years 02 months,393000,,,,,,,,
2020-12,BISHAN,3 ROOM,308,SHUNFU RD,07 TO 09,New Generation,1984,63 years 01 month,468000,,,,,,,,
2020-12,BISHAN,3 ROOM,306,SHUNFU RD,04 TO 06,New Generation,1985,63 years 02 months,410000,,,,,,,,
2020-12,BISHAN,3 ROOM,403,SIN MING AVE,10 TO 12,Simplified,1986,64 years 09 months,390000,,,,,,,,
2020-12,BISHAN,3 ROOM,22,SIN MING RD,10 TO 12,Improved,1973,51 years 11 months,263000,,,,,,,,
2020-12,BISHAN,3 ROOM,24,SIN MING RD,07 TO 09,Improved,1973,51 years 10 months,265000,,,,,,,,
2020-12,BISHAN,3 ROOM,24,SIN MING RD,07 TO 09,Improved,1973,51 years 10 months,275000,,,,,,,,
2020-12,BISHAN,4 ROOM,114,BISHAN ST 12,10 TO 12,Simplified,1986,64 years 02 months,520000,,,,,,,,
2020-12,BISHAN,4 ROOM,138,BISHAN ST 12,04 TO 06,Simplified,1987,65 years 08 months,450000,,,,,,,,
2020-12,BISHAN,4 ROOM,144,BISHAN ST 12,01 TO 03,Model A,1988,66 years 09 months,480000,,,,,,,,
2020-12,BISHAN,4 ROOM,122,BISHAN ST 12,01 TO 03,Model A,1986,64 years 04 months,500000,,,,,,,,
2020-12,BISHAN,4 ROOM,108,BISHAN ST 12,01 TO 03,Simplified,1985,63 years 11 months,500000,,,,,,,,
2020-12,BISHAN,4 ROOM,124,BISHAN ST 12,10 TO 12,Simplified,1987,65 years 07 months,499998,,,,,,,,
2020-12,BISHAN,4 ROOM,130,BISHAN ST 12,04 TO 06,Simplified,1986,64 years 04 months,485000,,,,,,,,
2020-12,BISHAN,4 ROOM,114,BISHAN ST 12,10 TO 12,Simplified,1986,64 years 02 months,516000,,,,,,,,
2020-12,BISHAN,4 ROOM,106,BISHAN ST 12,10 TO 12,Simplified,1985,63 years 11 months,492000,,,,,,,,
2020-12,BISHAN,4 ROOM,184,BISHAN ST 13,01 TO 03,Simplified,1988,66 years 03 months,530000,,,,,,,,
2020-12,BISHAN,4 ROOM,167,BISHAN ST 13,04 TO 06,Simplified,1988,66 years 10 months,445000,,,,,,,,
2020-12,BISHAN,4 ROOM,154,BISHAN ST 13,07 TO 09,Simplified,1987,66 years 01 month,438000,,,,,,,,
2020-12,BISHAN,4 ROOM,167,BISHAN ST 13,04 TO 06,Simplified,1988,66 years 09 months,440000,,,,,,,,
2020-12,BISHAN,4 ROOM,253,BISHAN ST 22,01 TO 03,Model A,1992,70 years 09 months,548000,,,,,,,,
2020-12,BISHAN,4 ROOM,233,BISHAN ST 22,07 TO 09,Model A,1992,70 years 06 months,590000,,,,,,,,
2020-12,BISHAN,4 ROOM,253,BISHAN ST 22,01 TO 03,Model A,1992,70 years 09 months,520000,,,,,,,,
2020-12,BISHAN,4 ROOM,249,BISHAN ST 22,01 TO 03,Model A,1992,70 years 08 months,525000,,,,,,,,
2020-12,BISHAN,4 ROOM,249,BISHAN ST 22,04 TO 06,Model A,1992,70 years 08 months,578000,,,,,,,,
2020-12,BISHAN,4 ROOM,259,BISHAN ST 22,04 TO 06,Model A,1992,70 years 08 months,525000,,,,,,,,
2020-12,BISHAN,4 ROOM,243,BISHAN ST 22,07 TO 09,Model A,1992,70 years 08 months,580000,,,,,,,,
2020-12,BISHAN,4 ROOM,204,BISHAN ST 23,04 TO 06,Model A,1992,70 years 05 months,570000,,,,,,,,
2020-12,BISHAN,4 ROOM,230,BISHAN ST 23,07 TO 09,Model A,1992,70 years 05 months,570000,,,,,,,,
2020-12,BISHAN,4 ROOM,268,BISHAN ST 24,10 TO 12,Model A,1992,70 years 09 months,650000,,,,,,,,
2020-12,BISHAN,4 ROOM,267,BISHAN ST 24,07 TO 09,Model A,1992,70 years 08 months,570000,,,,,,,,
2020-12,BISHAN,4 ROOM,269,BISHAN ST 24,19 TO 21,Model A,1992,70 years 08 months,652000,,,,,,,,
2020-12,BISHAN,4 ROOM,291,BISHAN ST 24,04 TO 06,Premium Apartment,1998,76 years 06 months,560000,,,,,,,,
2020-12,BISHAN,4 ROOM,289,BISHAN ST 24,01 TO 03,Premium Apartment,1998,76 years 06 months,515000,,,,,,,,
2020-12,BISHAN,4 ROOM,441,SIN MING AVE,10 TO 12,Model A,1990,68 years 03 months,570000,,,,,,,,
2020-12,BISHAN,4 ROOM,449,SIN MING AVE,01 TO 03,Model A,1990,68 years 04 months,540000,,,,,,,,
2020-12,BISHAN,5 ROOM,149,BISHAN ST 11,04 TO 06,Improved,1987,65 years 02 months,660000,,,,,,,,
2020-12,BISHAN,5 ROOM,140,BISHAN ST 12,07 TO 09,Improved,1988,66 years 09 months,698000,,,,,,,,
2020-12,BISHAN,5 ROOM,135,BISHAN ST 12,10 TO 12,Improved,1987,65 years 07 months,723000,,,,,,,,
2020-12,BISHAN,5 ROOM,125,BISHAN ST 12,04 TO 06,Improved,1987,65 years 07 months,670000,,,,,,,,
2020-12,BISHAN,5 ROOM,136,BISHAN ST 12,07 TO 09,Improved,1987,66 years,655000,,,,,,,,
2020-12,BISHAN,5 ROOM,141,BISHAN ST 12,07 TO 09,Improved,1988,66 years 08 months,678500,,,,,,,,
2020-12,BISHAN,5 ROOM,142,BISHAN ST 12,07 TO 09,Improved,1988,66 years 08 months,780000,,,,,,,,
2020-12,BISHAN,5 ROOM,194,BISHAN ST 13,07 TO 09,Improved,1987,65 years 06 months,820000,,,,,,,,
2020-12,BISHAN,5 ROOM,155,BISHAN ST 13,13 TO 15,Improved,1987,66 years,763888,,,,,,,,
2020-12,BISHAN,5 ROOM,157,BISHAN ST 13,13 TO 15,Improved,1988,66 years 02 months,780000,,,,,,,,
2020-12,BISHAN,5 ROOM,153,BISHAN ST 13,01 TO 03,Improved,1987,65 years 10 months,608000,,,,,,,,
2020-12,BISHAN,5 ROOM,163,BISHAN ST 13,13 TO 15,Improved,1988,66 years 08 months,758000,,,,,,,,
2020-12,BISHAN,5 ROOM,192,BISHAN ST 13,01 TO 03,Improved,1987,65 years 08 months,625000,,,,,,,,
2020-12,BISHAN,5 ROOM,182,BISHAN ST 13,07 TO 09,Improved,1987,65 years 07 months,790000,,,,,,,,
2020-12,BISHAN,5 ROOM,237,BISHAN ST 22,04 TO 06,Improved,1992,70 years 05 months,840000,,,,,,,,
2020-12,BISHAN,5 ROOM,242,BISHAN ST 22,07 TO 09,Improved,1992,70 years 08 months,880800,,,,,,,,
2020-12,BISHAN,5 ROOM,237,BISHAN ST 22,04 TO 06,Improved,1992,70 years 05 months,810000,,,,,,,,
2020-12,BISHAN,5 ROOM,275A,BISHAN ST 24,34 TO 36,DBSS,2011,89 years 09 months,1180000,,,,,,,,
2020-12,BISHAN,5 ROOM,275A,BISHAN ST 24,37 TO 39,DBSS,2011,89 years 09 months,1075000,,,,,,,,
2020-12,BISHAN,5 ROOM,273B,BISHAN ST 24,25 TO 27,DBSS,2011,89 years 09 months,1218888,,,,,,,,
2020-12,BISHAN,5 ROOM,447,BRIGHT HILL DR,13 TO 15,Improved,1990,68 years 02 months,715000,,,,,,,,
2020-12,BISHAN,5 ROOM,312,SHUNFU RD,10 TO 12,Improved,1985,63 years 07 months,730000,,,,,,,,
2020-12,BISHAN,5 ROOM,453,SIN MING AVE,10 TO 12,Improved,1990,68 years 03 months,700000,,,,,,,,
2020-12,BISHAN,EXECUTIVE,134,BISHAN ST 12,10 TO 12,Apartment,1986,65 years,908000,,,,,,,,
2020-12,BISHAN,EXECUTIVE,102,BISHAN ST 12,22 TO 24,Maisonette,1987,65 years 01 month,980000,,,,,,,,
2020-12,BISHAN,EXECUTIVE,174,BISHAN ST 13,01 TO 03,Maisonette,1986,65 years,850000,,,,,,,,
2020-12,BISHAN,EXECUTIVE,160,BISHAN ST 13,01 TO 03,Maisonette,1987,65 years 09 months,825000,,,,,,,,
2020-12,BISHAN,EXECUTIVE,186,BISHAN ST 13,01 TO 03,Maisonette,1987,65 years 09 months,905000,,,,,,,,
2020-12,BISHAN,EXECUTIVE,190,BISHAN ST 13,19 TO 21,Maisonette,1987,65 years 02 months,1058000,,,,,,,,
2020-12,BISHAN,EXECUTIVE,186,BISHAN ST 13,04 TO 06,Maisonette,1987,65 years 08 months,908888,,,,,,,,
2020-12,BISHAN,EXECUTIVE,257,BISHAN ST 22,07 TO 09,Maisonette,1992,70 years 09 months,860000,,,,,,,,
2020-12,BISHAN,EXECUTIVE,245,BISHAN ST 22,04 TO 06,Maisonette,1992,70 years 09 months,860000,,,,,,,,
2020-12,BISHAN,EXECUTIVE,231,BISHAN ST 23,04 TO 06,Maisonette,1992,70 years 05 months,910000,,,,,,,,
2020-12,BISHAN,EXECUTIVE,212,BISHAN ST 23,01 TO 03,Maisonette,1992,70 years 05 months,880000,,,,,,,,
